-- MySQL Administrator dump 1.4
--
-- ------------------------------------------------------
-- Server version	5.5.23


/*!40101 SET @OLD_CHARACTER_SET_CLIENT=@@CHARACTER_SET_CLIENT */;
/*!40101 SET @OLD_CHARACTER_SET_RESULTS=@@CHARACTER_SET_RESULTS */;
/*!40101 SET @OLD_COLLATION_CONNECTION=@@COLLATION_CONNECTION */;
/*!40101 SET NAMES utf8 */;

/*!40014 SET @OLD_UNIQUE_CHECKS=@@UNIQUE_CHECKS, UNIQUE_CHECKS=0 */;
/*!40014 SET @OLD_FOREIGN_KEY_CHECKS=@@FOREIGN_KEY_CHECKS, FOREIGN_KEY_CHECKS=0 */;
/*!40101 SET @OLD_SQL_MODE=@@SQL_MODE, SQL_MODE='NO_AUTO_VALUE_ON_ZERO' */;


--
-- Create schema centralaamar
--

CREATE DATABASE IF NOT EXISTS centralaamar;
USE centralaamar;

--
-- Definition of table `cent_lancamento`
--

DROP TABLE IF EXISTS `cent_lancamento`;
CREATE TABLE `cent_lancamento` (
  `lanc_id` int(11) NOT NULL AUTO_INCREMENT,
  `mes` int(11) NOT NULL,
  `ano` int(11) NOT NULL,
  `valor` decimal(15,2) NOT NULL,
  `tip_lan_id` int(11) NOT NULL,
  PRIMARY KEY (`lanc_id`),
  KEY `FK_cent_lancamento_1` (`tip_lan_id`),
  CONSTRAINT `FK_cent_lancamento_1` FOREIGN KEY (`tip_lan_id`) REFERENCES `cent_tipo_lancamento` (`tip_lan_id`)
) ENGINE=InnoDB AUTO_INCREMENT=9 DEFAULT CHARSET=latin1;

--
-- Dumping data for table `cent_lancamento`
--

/*!40000 ALTER TABLE `cent_lancamento` DISABLE KEYS */;
INSERT INTO `cent_lancamento` (`lanc_id`,`mes`,`ano`,`valor`,`tip_lan_id`) VALUES 
 (1,1,2013,'1000.00',1),
 (2,1,2013,'2000.00',2),
 (3,1,2013,'3000.00',3),
 (4,1,2013,'4000.00',4),
 (5,2,2013,'5000.00',1),
 (6,2,2013,'4000.00',2),
 (7,2,2013,'3000.00',3),
 (8,2,2013,'2000.00',4);
/*!40000 ALTER TABLE `cent_lancamento` ENABLE KEYS */;


--
-- Definition of table `cent_tipo_lancamento`
--

DROP TABLE IF EXISTS `cent_tipo_lancamento`;
CREATE TABLE `cent_tipo_lancamento` (
  `tip_lan_id` int(11) NOT NULL AUTO_INCREMENT,
  `descricao` varchar(60) NOT NULL,
  `categoria` varchar(10) NOT NULL,
  PRIMARY KEY (`tip_lan_id`)
) ENGINE=InnoDB AUTO_INCREMENT=5 DEFAULT CHARSET=latin1;

--
-- Dumping data for table `cent_tipo_lancamento`
--

/*!40000 ALTER TABLE `cent_tipo_lancamento` DISABLE KEYS */;
INSERT INTO `cent_tipo_lancamento` (`tip_lan_id`,`descricao`,`categoria`) VALUES 
 (1,'ERNEGIA','DESPESAS'),
 (2,'AGUA','DESPESAS'),
 (3,'DIZIMO','RECEITA'),
 (4,'OFERTA','RECEITA');
/*!40000 ALTER TABLE `cent_tipo_lancamento` ENABLE KEYS */;


--
-- Definition of table `chamada`
--

DROP TABLE IF EXISTS `chamada`;
CREATE TABLE `chamada` (
  `cham_id` int(11) NOT NULL AUTO_INCREMENT,
  `presente` tinyint(1) DEFAULT NULL,
  `mem_id` int(11) DEFAULT NULL,
  `peq_id` int(11) DEFAULT NULL,
  `saba_id` int(11) DEFAULT NULL,
  PRIMARY KEY (`cham_id`),
  UNIQUE KEY `cham_id` (`cham_id`),
  KEY `FK2C0AD7AD24A1375E` (`peq_id`),
  KEY `FK2C0AD7AD417EDA29` (`saba_id`),
  KEY `FK2C0AD7AD88BC6E33` (`mem_id`),
  CONSTRAINT `FK2C0AD7AD24A1375E` FOREIGN KEY (`peq_id`) REFERENCES `pequenogrupo` (`peq_id`),
  CONSTRAINT `FK2C0AD7AD417EDA29` FOREIGN KEY (`saba_id`) REFERENCES `sabado` (`saba_id`),
  CONSTRAINT `FK2C0AD7AD88BC6E33` FOREIGN KEY (`mem_id`) REFERENCES `membro` (`mem_id`)
) ENGINE=InnoDB DEFAULT CHARSET=latin1;

--
-- Dumping data for table `chamada`
--

/*!40000 ALTER TABLE `chamada` DISABLE KEYS */;
/*!40000 ALTER TABLE `chamada` ENABLE KEYS */;


--
-- Definition of table `grupo`
--

DROP TABLE IF EXISTS `grupo`;
CREATE TABLE `grupo` (
  `grup_id` int(11) NOT NULL AUTO_INCREMENT,
  `nome` varchar(60) NOT NULL,
  PRIMARY KEY (`grup_id`),
  UNIQUE KEY `grup_id` (`grup_id`),
  UNIQUE KEY `nome` (`nome`)
) ENGINE=InnoDB AUTO_INCREMENT=2 DEFAULT CHARSET=latin1;

--
-- Dumping data for table `grupo`
--

/*!40000 ALTER TABLE `grupo` DISABLE KEYS */;
INSERT INTO `grupo` (`grup_id`,`nome`) VALUES 
 (1,'DORCAS');
/*!40000 ALTER TABLE `grupo` ENABLE KEYS */;


--
-- Definition of table `grupo_membro`
--

DROP TABLE IF EXISTS `grupo_membro`;
CREATE TABLE `grupo_membro` (
  `grupo_grup_id` int(11) NOT NULL,
  `membros_mem_id` int(11) NOT NULL,
  UNIQUE KEY `membros_mem_id` (`membros_mem_id`),
  KEY `FK55A764C0720455A9` (`membros_mem_id`),
  KEY `FK55A764C0D357F303` (`grupo_grup_id`),
  CONSTRAINT `FK55A764C0720455A9` FOREIGN KEY (`membros_mem_id`) REFERENCES `membro` (`mem_id`),
  CONSTRAINT `FK55A764C0D357F303` FOREIGN KEY (`grupo_grup_id`) REFERENCES `grupo` (`grup_id`)
) ENGINE=InnoDB DEFAULT CHARSET=latin1;

--
-- Dumping data for table `grupo_membro`
--

/*!40000 ALTER TABLE `grupo_membro` DISABLE KEYS */;
/*!40000 ALTER TABLE `grupo_membro` ENABLE KEYS */;


--
-- Definition of table `membro`
--

DROP TABLE IF EXISTS `membro`;
CREATE TABLE `membro` (
  `mem_id` int(11) NOT NULL AUTO_INCREMENT,
  `amigo_contato` varchar(100) DEFAULT NULL,
  `bairro` varchar(100) DEFAULT NULL,
  `batizado` varchar(1) DEFAULT NULL,
  `celular` varchar(20) DEFAULT NULL,
  `data_batismo` datetime DEFAULT NULL,
  `data_nascimento` datetime DEFAULT NULL,
  `email` varchar(60) DEFAULT NULL,
  `endereco` varchar(100) DEFAULT NULL,
  `fone_comercial` varchar(20) DEFAULT NULL,
  `fone_residencial` varchar(20) DEFAULT NULL,
  `interesse` varchar(60) DEFAULT NULL,
  `mae` varchar(60) DEFAULT NULL,
  `membro_igreja` varchar(1) DEFAULT NULL,
  `membros_batizado_familia` varchar(60) NOT NULL,
  `modo_conversao` varchar(2) DEFAULT NULL,
  `nome` varchar(60) NOT NULL,
  `pai` varchar(60) DEFAULT NULL,
  `sexo` varchar(1) DEFAULT NULL,
  `tem_filho` varchar(1) DEFAULT NULL,
  `past_id` int(11) DEFAULT NULL,
  `peq_id` int(11) DEFAULT NULL,
  `pro_id` int(11) DEFAULT NULL,
  PRIMARY KEY (`mem_id`),
  UNIQUE KEY `mem_id` (`mem_id`),
  UNIQUE KEY `nome_membro_unique` (`nome`) USING BTREE,
  KEY `FKBFC28C2A9EADD421` (`past_id`),
  KEY `FKBFC28C2ADC39DE7` (`pro_id`),
  KEY `FKBFC28C2A24A1375E` (`peq_id`),
  CONSTRAINT `FKBFC28C2A24A1375E` FOREIGN KEY (`peq_id`) REFERENCES `pequenogrupo` (`peq_id`),
  CONSTRAINT `FKBFC28C2A9EADD421` FOREIGN KEY (`past_id`) REFERENCES `pastor` (`past_id`),
  CONSTRAINT `FKBFC28C2ADC39DE7` FOREIGN KEY (`pro_id`) REFERENCES `profissao` (`pro_id`)
) ENGINE=InnoDB AUTO_INCREMENT=227 DEFAULT CHARSET=latin1;

--
-- Dumping data for table `membro`
--

/*!40000 ALTER TABLE `membro` DISABLE KEYS */;
INSERT INTO `membro` (`mem_id`,`amigo_contato`,`bairro`,`batizado`,`celular`,`data_batismo`,`data_nascimento`,`email`,`endereco`,`fone_comercial`,`fone_residencial`,`interesse`,`mae`,`membro_igreja`,`membros_batizado_familia`,`modo_conversao`,`nome`,`pai`,`sexo`,`tem_filho`,`past_id`,`peq_id`,`pro_id`) VALUES 
 (6,'ROBSON RAMOS FERREIRA','CIDADE NOVA','S','(92) 9257-3036',NULL,'1977-01-06 00:00:00','claudemirramosferreira@gmail.com','RUA 57, QUADRA 166 A, CASA 9, CONJUNTO NOVA CIDADE','','','','OLGA RAMOS PINTO','S','LETICIA SANTOS FERREIRA','1','CLAUDEMIR RAMOS FERREIRA','JOAO FERREIRA DOS SANTOS','M','S',1,5,1),
 (7,'nelson rosseti','riacho doce 03 cidade nova 02','S','(92) 9283-2434',NULL,'1975-12-07 00:00:00','waltinhovale@hotmail.com','rua vasco da gama','(92) 9486-8514','(92) 3223-0729',NULL,'zila lira da cruz','S','TODOS','1','WALTER VALE DA CRUZ FILHO','walter vale da cruz','M','S',NULL,NULL,NULL),
 (8,'MATHEUS ROSSETTI','riacho doce 03 cidade nova 02','S','(92) 9283-2434',NULL,'2000-03-29 00:00:00','jhonatan.clinton@hotmail.com','rua vasco da gama','','','','alciene  vasconselos da cruz','S','quase todos','1','JHONATAN CLINTON V.CRUZ','walter vale da cruz filho','M','N',NULL,NULL,NULL),
 (9,'','GALILEIA II ETAPA','S','(92) 9609-4988',NULL,NULL,'alertemanaus@bol.com.br','RUA MONTE OLIMPIO, CASA 25','(92) 3645-9189','','','ZENAIDE NASCIMENTO OZORIO','S','ALESSANDRO T. DE LIMA e ERICA ANDREÁ L. BALBI','1','ARLETE RODRIGUES DE LIMA','ALLAN KARDEC RODRIGUES DE LIMA','F','S',2,12,16),
 (10,'JHONATAN CLINTON','CIDADE NOVA','S','(92) 9139-0890','2008-08-10 00:00:00','2001-05-15 00:00:00','rossetti.matheus6@hotmail.com','AV.CURAÇAO N422 Q 32 CONJUNTO NOVA CIDADE','','(92) 3081-2044','COMUNICAÇAO','MARIA CLEIDE NUNES BEZERRA ','S','PAI E MAE','1','MATHEUS BEZERRA ROSSETTI','NELSON DE OLIVEIRA ROSSETTI ','M','S',NULL,1,4),
 (11,'RANGEL R. FERREIRA','NSA  DO PERPETO SOCORRO CIDADE','S','(92) 9358-8145',NULL,'1986-10-04 00:00:00','ligya_antunes@hotmail.com','RUA FABIO LUCENA N.10','','(92) 3636-9763',NULL,'ROSILEIDE BIZERRIL PEREIRA','S','ESPOSO E TIOS DO ESPOSO','1','LIGIONE PEREIRA ANTUNES FERREIRA','FRANCISCO CLEONES C. ANTUNES','F','S',NULL,NULL,NULL),
 (12,'ARIMETEIA PORTELA E IRACINO','CONJ.FRANCISCA MENDES','S','(92) 9418-3612',NULL,'1965-12-04 00:00:00','','RUA 33 CASA 21 QUADRA 67','','',NULL,'MARIA MOREIRA DA SILVA','S','FILHOS','1','PEDRO MOREIRA DA SILVA','ANTONIO RAIMUNDO DA SILVA','M','S',NULL,NULL,NULL),
 (13,'','CIDADE NOVA','S','(92) 8429-0828',NULL,'1983-12-13 00:00:00','renata.san@hotmail.com','RUA GUAPIAUI N. 13 ','(92) 3233-4305','',NULL,'RAIMUNDA NONATA ROQUE DE SOUZA','S','MÃ?Â?E','1','RENATA LUZIA SOUZA DOS SANTOS ','JAIR PEREIRE DOS SANTOS ','M','N',NULL,NULL,NULL),
 (15,'','CIDADE NOVA I','S','(92) 9335-5370',NULL,'1993-08-01 00:00:00','','RUA MAIORUNA N. 29 ','','(92) 3641-1396',NULL,'IDELZUITE O. PEREIRA','S','NENHUM','3','EDGAR FELIPE O. PEREIRA','','M','N',NULL,NULL,NULL),
 (16,'','CIDADE NOVA','S','(92) 9403-6780',NULL,'1981-06-18 00:00:00','','NUCLEO 13 r.133 N.42','','(92) 3086-4091',NULL,'MARIA DE FATIMA DE SOUZA BATISTA ','S','PAI E MÃ?E E IRMÃ?','1','ANTONIO ELIAS DE SOUZA BATISTA -','FRANCISCO LIMA BATISTA ','M','N',NULL,NULL,NULL),
 (17,'RICARDO BORGES','FLORES','S','(92) 9161-6889',NULL,'1966-06-06 00:00:00','marypreissler@hotmail.com','RUA C/424 CONJ.DUQUE DE CAXIAS','','(92) 3651-0498',NULL,'JORANNA PREISSER LIMA','S','ESPOSO E FOLHOS','1','MARINETE APARECIDA LIMA DA SILVEIRA ','aldemiro barbosa lima','F','S',NULL,NULL,NULL),
 (18,'','JESUS ME DEU','S','(92) 8132-3258',NULL,NULL,'','AV. ISRAEL N. 25','','',NULL,'MAARIA JOSLVAE DA SI','S','ANTONIO, ALICE, LUCIA','1','ANTONIO JOSE DA SILVA','JOSE FELEX DA SILVA','M','S',NULL,NULL,NULL),
 (19,'PAULO 36453027','NOVA CIDADE','S','(92) 8261-6078',NULL,'1973-01-27 00:00:00','','RUA 190 CASA 01 QD 358','','',NULL,'MARCIA CARVALHO DOS SANTOS','S','ESPOSA FILHA ENTIADA NETO GENRO','1','ANTONIO RODRIGUES CARVALHO FILHO ','ANTONIO RODRIGUES DOS SANTOS','M','S',NULL,NULL,NULL),
 (20,'MARINETE E RICARDO BORGES','FLORES','S','',NULL,'1961-11-10 00:00:00','iracino2012@hotmail.com','RUA C/424 CONJ.DUQUE DE CAXIAS','','(92) 3651-0498',NULL,'waldimira bomfim da silveira','S','ESPOSA E FILHOS','1','IRACINO BOMFIM DA SILVEIRA','candido otavio da silveira','M','S',NULL,NULL,NULL),
 (21,'ANTONIO ELIAS DE SOUZA BATISTA','CIDADE NOVA II','S','',NULL,'1961-12-22 00:00:00','','RUA133, N 42 NUCLEO 13 ','','(92) 3086-4091','','ERNESTINA PEREIRA DE SOUZA ','S','FILHOS','1','MARIA DE FATIMA DE SOUZA BATISTA ','MANUEL PEREIRA DOS CHAGAS ','F','S',NULL,NULL,NULL),
 (22,'','NOVA CIDADE','S','(92) 8115-3022',NULL,'1969-09-18 00:00:00','','AV. CURAÃ?Ã?O N. 10','(92) 3667-0154','(92) 3635-4267',NULL,'DIRA DE FIGUEREDO CABRAL','S','','1','VALDERLANDIA CABRAL DE SOUSA','SIDNEY DOS SANTOS CABRAL','F','S',NULL,NULL,NULL),
 (23,'ANA MARIA','CIDADE NOVA 1','S','(92) 9176-2323','2009-04-25 00:00:00','1993-10-22 00:00:00','GABRIELA_THE12@HOTMAIL.COM','RUA D N.14 CONJ.RIBEIRO JUNIO','','(92) 3636-9157','QUALQUER CARGO','ANA M. CARVALHO DA SILVA','S','MAE, IRMAOS E ESPOSO','4','GABRIELA CARVALHO M. DE ARAUJO','PAULO ALEXANDRE DA SILVA','F','N',NULL,NULL,NULL),
 (24,'ANA CLEIDE','CIDADE NOVA II','S','(92) 9129-5717','2012-03-14 00:00:00','1962-12-07 00:00:00','ivetinha_medeiros@hotmail.com','RUA 13, CASA 48, QD. 21, CONJUNTO VILA REAL','','','DIACONISA','MARIA IVETE DOS SANTOS RAMOS','S','','1','IVETE RAMOS MEDEIROS','DARLINDO CASTRO RAMOS','F','S',NULL,NULL,NULL),
 (25,'EVANDRO TRINDADE','CIDADE NOVA','S','(92) 9107-6931','2006-12-31 00:00:00','1980-06-20 00:00:00','alessandrovieira_jg@hotmail.com','RUA 190 CASA 1, QUADRA 358, CONJUNTO NOVA CIDADE','','','','MARIA DA CONCEICAO C. DA SILVA','S','TODOS','1','ALESSANDRO DA SILVA VIEIRA','MANUEL DA SILVA VIEIRA','M','S',NULL,NULL,NULL),
 (26,'PAULO / LURDES E PETTER','CIDADE NOVA','S','(92) 9163-4779','2006-12-31 00:00:00','1985-05-07 00:00:00','g.marques_vieira@hotmail.com','RUA 190, QUADRA 358, CASA 01, NOVA CIDADE','','','','ANA CLEIDE CARVALHO','S','PAI, MAE ,IRMA E CONJUGE','1','GISELE MARQUES VIEIRA','ANTONIO RODRIGUES CARVALHO','F','S',NULL,NULL,NULL),
 (27,'DEURANICE, PAULO, AUREAA, IVETE, HIGSON','CIDADE NOVA','S','(92) 9136-6114','1994-12-31 00:00:00','1966-06-25 00:00:00','cleidemarques1@live.com','RUA 190 CASA 1, QUADRA 358, CONJUNTO NOVA CIDADE','','','','RAIMUNDA DA CRUZ MARQUES','S','ESPOSA, FILHAS, GENRO, IRMA E CUNHADO','1','ANA CLEIDE DA CRUZ MARQUES CARVALHO','JOSE MARQUES ','F','S',NULL,NULL,NULL),
 (28,'FRANCISCO','FLORES','S','(92) 8115-3958','1984-09-18 00:00:00','1969-01-23 00:00:00','niltonsantoszerob@hotmail.com','RUA NORUEGA, Nº 546, PARQUE DAS NACOES','','','MUSICA E PROFESSOR DA ESCOLA SABATINA','ADELAIDE JOSE DOS SANTOS','S','IZABETH F. SANTOS, IZABELLA LIANDRA F. SANTOS','1','NILTON SANTOS','MILTON DOS SANTOS','M','S',28,NULL,29),
 (29,'ROSA','FLORES','S','(92) 9243-2251',NULL,'1978-06-19 00:00:00','josue_cf@hotmail.com','RUA VITORIA, 180','(92) 3877-1204','','','ADELAIDE LIMA NERI','S','','1','JOSUE LIMA NERI','HERMES CORREA NERI','M','N',NULL,NULL,NULL),
 (30,'','CIDADE NOVA II','S','(92) 8114-9409','2000-09-30 00:00:00','1975-01-15 00:00:00','','RUA MACAPA, Nº 96 ','','(92) 3636-6367','','CONCEICAO DO V. ALBUQUERQUE','S','TODOS','1','ANTONIO M. V. ALBUQUERQUE','MARIO BARBOSA DE ALBUQUERQUE','M','S',NULL,NULL,NULL),
 (31,'','RIACHO DOCE 3','S','(92) 9486-8514',NULL,'1976-07-02 00:00:00','alciene.vasconcelos@hotmail.com','RUA VASCO DA GAMA N. 1','','','professora departamental infantil','BERNADETE SOUSA DE VASCONCELOS','S','FAMILHA','4','ALCIENE VASCONCELOS DA CRUZ','ROBERTO SIMAO VASCONCELOS','F','S',NULL,1,5),
 (32,'ARAGÃO','','S','(92) 9169-1639',NULL,NULL,'JS.LIMA1968@BOL.COM.BR','RUA :  28 QUADRA 4° CASA 16 ','(92) 3622-5538','','','MARIA VERÔNCA G. LIMA ','S','SIM','5','JOSE APARECIDO DE S. LIMA','','M','S',NULL,NULL,36),
 (33,'ADNELSON E MAEME','REDENÇÃO','N','(92) 9500-9854',NULL,'2000-07-25 00:00:00','ADNAKIMBERLLY@GMAIL.COM','RUA GUANÉSIA N° 107','(92) 9207-1798','(92) 9224-0676','','MAEMELACERDA DA ROCHA','S','SIM 2','10','ADNA KIMBERLLY DA ROCHA LIMA ','ADNELSO MDEIROS DE LIMA','F','N',NULL,1,4),
 (34,'ALZIRA E ZULEIDE ','CONJ,AMADEU BOTEIHO CN III','S','(92) 9197-1518','1991-12-31 00:00:00','1952-08-05 00:00:00','','AV RAMO \"D\" C/192 Q; 11 ','','','','ALBA FIGUEIREDO COSTA ','S','TODOS','1','ANGELA RAQUEL FIGUEIRO','JOÃO COSTA SIQUEIRA ','F','S',10,2,5),
 (35,'','NOVA CIDADE','S','(92) 9247-2858','1986-07-04 00:00:00','1973-05-04 00:00:00','anabelamendes17@hotmail.com','RUA MONTE MORIA, N. 1, CONJUNTO GALILEIA II','(92) 3307-9571','(92) 3184-8400','','ROSA MACEDO FERREIRA','S','TODA A FAMILIA','1','ANABELA FERREIRA MENDES PEGO','ADOLFO VIEIRA MENDES','F','S',NULL,NULL,NULL),
 (36,'','RIACHO DOCE II','S','(92) 9407-2874','2011-06-18 00:00:00','1989-07-31 00:00:00','','RUA VASCO DA GAMA N° 1','','(92) 3223-3253','DIACONISA ','LUZINETE SOUZA FILHA ','S','SIM','1','BEATRIZ SOUZA DA CRUZ ','BERNADO PEREIRA DA SILVA ','F','S',1,1,11),
 (37,'','NOVA CIDADE II','S','',NULL,'1947-05-03 00:00:00','','RUA 27 N/ 13 ','','','','RAIMUNDA SE SOUZA BEZERRA','S','1 FILHA E TRÊS NETAS','1','MARIA DE NAZARÉ BEZERRA COSTA ','MANOEL BIZERRA ','F','S',26,NULL,NULL),
 (38,'REBECA E BRUNA','NOVA CIDADE','S','(92) 9109-2085',NULL,'2000-01-15 00:00:00','ana.beatriz.ferreira@live.com','RUA CARAUARI, BECO CARAUARI, N. 9','','(92) 3667-1930','PROFESSORA DA ESCOLA SABATINA JUVENIL','BERENICE FERREIRA DE OLIVEIRA','S','VÓ, TIO','2','ANA BEATRIZ FERREIRA DA SILVA','WILLIANS LIMA SILVA','F','N',NULL,NULL,NULL),
 (39,'','CIDADE NOVA II','S','(92) 9147-9532','1990-10-05 00:00:00','1968-05-31 00:00:00','','RUA MAX TEXEIRA N° 3705','','',' A DISPOSIÇÃO PARA QUALQUER CARGO ','BENEDITA DURANS RIBEIRO','S','SOBRINHA E IRMÃ','3','MARIA DEURANICE RIBEIRO','','F','S',NULL,6,5),
 (40,'','CIDADE NOVA','S','(92) 9114-1738',NULL,'1979-03-23 00:00:00','','RUA OSMARILDA MARTINS, C.N.S.P. SOCORRO','','','','MARIA DE FATIMA DE SOUZA BATISTA','S','MARIDO E FILHA','1','ANA GLEYCE BRITO DE OLIVEIRA','JOSE ROBERTO FARIAS DE OLIVEIRA','F','S',NULL,NULL,NULL),
 (41,'CELINEIA ','CIDADE NOVA I','S','(92) 9146-7673','2004-02-01 00:00:00','1964-06-14 00:00:00','CLEDINEIA.GOMES@SHOWABR.IND.BR','RUA 16O C/11 NÚCLEO 07','(92) 3616-0582','(92) 3084-1312','','SANTINA DE OLIVEIRA GOMES','S','ESPOSO MÃE E FILHO','6','CLEDINEIA DE OLIVEIRA GONES SAMPAIO ','CARLS DE SOUZA GOMES ','F','S',NULL,NULL,NULL),
 (42,'','NOVA CIDADE','S','(92) 8245-3968','2011-12-25 00:00:00','1974-08-20 00:00:00','','RUA CURACAO, N1O','(92) 3635-4267','(92) 3667-0154','','MARIA DA GLORIA LIMEIRA DE SOUZA','S','','1','ANTONIO G. LIMEIRA DE SOUZA','JOAO SIMAO PEREIRA DE SOUZA','M','S',NULL,NULL,NULL),
 (43,'','PARQUE DA NACOES','N','(92) 9380-6090',NULL,'2012-05-21 00:00:00','','RUA CANAURI','','','SECRETARIA DA PROFESSORA DO JUVENIS','LUCIRENE VIANA BRANDAO','S','2 FAMILIARES','10','BINCA BRANCHES VIANA','ISAIAS PROFETA DE JESUS BRANDAO','F','N',NULL,NULL,NULL),
 (44,'','CIDADE NOVA I','S','(92) 9137-5272',NULL,'1972-10-27 00:00:00','SANDRA.LABORDA@HOTMAIL.COM','TRAVESSA 19 N°10 ','','(92) 3084-9495','','MIRTES ASSUNSÃO DUARTE ','S','','3','SANDRA MARIA ASSUNSÃO DUARTE','DDINÉLIIO TEXEIRA DUARTE','F','S',1,6,NULL),
 (45,'ONEDIA E LEO ADLER','GUSTAVO NASCIMENTO','S','',NULL,'1998-01-16 00:00:00','','RUA DAS GRAUNAS, N. 368','','(92) 3645-4673','','ONEDIA LOURENCO LIRA','S','','2','BRENDO ALAN LIRA DA SILVA','LEO ADLER DE SOUZA NASCIMENTO','M','N',NULL,NULL,NULL),
 (46,'DANIEL LABRDA','CIDADE NNOVA II','S','(92) 9132-8996','2004-04-01 00:00:00','1959-06-02 00:00:00','FROTA@HOTMAIL.COM','RUA 160 CASA 11 NÚCLEO 07','','(92) 3084-1312','DIÁCONO','IRIS INÊS DA FROTA SAMPAIO','S','ESPOSA E FILHO','4','JOSÉ DA FROTA SAMPAIO ','GERSON SAMPAIO','M','S',29,6,7),
 (47,'CEDINEIA E IRACINDO ','NOVA CIDADE I','S','(92) 9247-9086',NULL,'1990-08-26 00:00:00','LABORDA@IG.COM.BR','TRAVESSA FIDALGO N° 10 ','','(92) 3084-9495','','RAIMUNDA AGLAIR LABORDA ','S','FILHO , ESPOSA .MÃE E IRMÃOS ','1','DANIEL LABORDA DE MOURA ','RAIMUNDO FERRERA','M','S',1,6,5),
 (48,'VANDRON','NOVA CIDADE','S','(92) 8226-5792',NULL,'1991-03-29 00:00:00','brunadebora01@gmail.com','RUA GABRIELLI, QUADRA 116, N. 241','','','CLUBE DOS DESBRAVADORES','ILCE DE SOUZA MARTINS','S','6 PESSOAS','1','BRUNA DEBORA MARTINS PEREIRA','FRANCISCO JOSE BRUNO MARTINS','F','S',NULL,NULL,NULL),
 (49,'ARAGÃO','GALILEEIA II','S','(92) 9454-8068',NULL,'1972-10-19 00:00:00','CLEIZA.WINALITE@BOL.COM.BR','RUA 28 QD 40 CASA 26','','','','GERMINA S. SANTIAGO','S','SIM','1','CLEZIA S. DO CARMO','SILVINO S.SANTIAGO ','F','S',NULL,NULL,43),
 (50,'ADNA, NORA E RAI','FLORES','S','(92) 9257-4974',NULL,'1942-12-17 00:00:00','','DUQ. DE CAXIAS R. 3 N°67','','(92) 3633-9000','','ORMINDA SALES DA SILVA ','S','SIM 4 MEMBROS','1','HILMA SILVA BABORSA ','','F','S',NULL,NULL,49),
 (51,'REBECA E ANA BEATRIZ','CIDADE NOVA','S','(92) 8126-4296','2011-04-24 00:00:00','2002-06-03 00:00:00','tatiladislau@hotmail.com','RUA 4, N. 6, MUNDO NOVO','','(92) 3581-0140','PROFESSORA DA ESCOLA SABATINA JUVENIL','TATIANA LADISLAU NAZARE','S','MAE, AVO ','2','BRUNA LADISLAU','MARCO ANTONIO S. GONCALVES','F','N',NULL,NULL,NULL),
 (52,'','MULTIRAO','N','(92) 9200-5045',NULL,'2006-09-19 00:00:00','','RUA 121, N. 7','','','AVENTUREIRO','LAURIENE RAMOS','S','PAI E MAE','10','CARLOS DANIEL RAMOS','GIVAL RAMOS','M','N',NULL,NULL,NULL),
 (53,'','NOVA CIDADE ','S','(92) 9388-9336',NULL,'1993-03-06 00:00:00','ABIGAILCORREIAESOUSA@HOTMAIL.COM','RUA 148 QD 271 N° 16','','','','SONIENI CORRÊA E SOUSA','S','','4','ABIGAIL CORRÊA E SOUSA','LORENÇO CARNEIRO DE SOUSA','F','N',NULL,NULL,NULL),
 (54,'','PARQUE DAS LARANJEIRAS','S','(92) 8815-3224','2000-09-01 00:00:00','1970-07-25 00:00:00','','RUA BARAO DE SURUI, CASA 5, QUADRA 25','','','','IVANIL DIAS DE SOUZA','S','CLEY MARIA DIAS DE SOUZA','2','CLEISE DIAS DE SOUZA','ANTONIO NOGUEIRA DIAS DE SOUZA','M','N',NULL,NULL,NULL),
 (55,'','RIO PIORINI','N','',NULL,'2012-04-16 00:00:00','','RUA ANAPIL, N. 108','','','','','N','','10','DANIEL BRITES DE ALMEIDA','','M','N',NULL,NULL,NULL),
 (56,'ELAINE','CIDADE NOVA','S','(92) 9295-1900','2011-04-24 00:00:00','1966-12-02 00:00:00','JAIMERLIS@HOTMAIL.COM','RUA 28 CASA 06 NÚCLEO III','(92) 3651-6828','','','FRANCISCA DA SILVA FERREIRA','S','TODOS','1','JAIME DA SILVAFERREIRA ','OSVALDO ALVES FERREIRA','M','S',13,NULL,47),
 (57,'DEURANICE','SÃO JORGE','S','(92) 9177-4728','2012-10-27 00:00:00','1991-07-18 00:00:00','frederico1807@hotmail.com','RUA NARA LEZO','','(92) 3625-8761','diacono ou ministerio da musica','MARIA DO PERPETUO SOCORRO SILVA ','S','','1','DANIEL FREDERICO DA SILVA ','','M','N',NULL,NULL,NULL),
 (58,'MAE E PAI','CIDADE NOVA','S','(92) 8804-7210','1998-10-10 00:00:00','1990-09-20 00:00:00','darlan.andreiln@gmail.com','','','','PIANISTA E DIACONO ','MANUA LEMOS NASCIMENTO ','S','PAI E MAE, ESPOSA, FILHOS, IRMÃO','1','DÁRLAN ANDRÉ LEMOS NASCIMENTO ','NOSIBERTO ARAUJO NASCIMENTO','M','S',NULL,NULL,NULL),
 (59,'','CIDADE NOVA','S','',NULL,'1936-05-13 00:00:00','','RUA CARAVAUA N. 16','','(92) 3221-8342','','','N','','1','DIVA F. CABRAL','','F','S',NULL,NULL,NULL),
 (60,'MARIO LUCIO','CIDADE NOVA','S','(92) 9242-3091','2003-08-03 00:00:00','1988-07-10 00:00:00','m.lucio1@gmail.com','R.6 N. 19-A CJ RENATO S. PINTO I','','','','NUBIA BATISTA SOUZA ','S','ESPOSO','4','BRUNA SALES MONTEIRO ','CLAUDIO SALES RODRIGUES','F','S',NULL,NULL,NULL),
 (61,'','CIDADE NOVA 5','S','(92) 9288-3189','2010-12-06 00:00:00','1964-11-20 00:00:00','pauloafonso.ml@hotmail.com','TRAVESSAO 2, Nº 6, NUCLEO 21, ','','','DIACONO','OLGA MOREIRA DE LIMA','S','ESPOSA','1','PAULO AFONSO M. LIMA','ANTONIO MARCELINO DE LIRA','M','S',NULL,NULL,NULL),
 (62,'','GALILEEIA II','S','(92) 8424-1213',NULL,'1976-01-21 00:00:00','PAULOPEGO@HOTMAIL.COM','MONTE MORIA N 01','','(92) 3307-9571','','MARIA ESTEVES SIMÕES','S','ANABELA MENDES PEGO,WILSON SIMÕES','6','PAULO PEREIRA PEGO','GERALDO PEREIRA PEGO','M','S',NULL,NULL,NULL),
 (63,'','FLORES','S','(92) 9121-8039',NULL,'1989-05-13 00:00:00','renatalibef@hotmail.com','RUA 02 Q.L N 317 CONJ,RIO MARACANÃ','','(92) 3342-0648','','ROSINETE LIMA BORGES','S','TODOS','1','RENATA LIMA BORGES','RICARDO DE SOUZA BORGES','F','S',NULL,NULL,NULL),
 (64,'','CIDADE NOVA','S','(92) 9341-5569',NULL,'1976-01-27 00:00:00','','RUA CAJAVAGIO','','','','DIVA F. CABRAL','S','','1','LADYJANE F. CABRAL','SIDINEI BANTOS CABRAL','F','S',NULL,NULL,NULL),
 (65,'','DOM PEDRO II','S','(92) 9232-7798',NULL,'1990-05-25 00:00:00','darlysondand@hotmail.com','R HOMERO DE MIRANDA LEAO','(92) 8183-1664','(92) 3616-7094','MINISTERIO DA MUSICA','ZENITE SIQUEIRA DOS SANTOS','S','','4','DARLYSON DANIEL DOS SANTOS','DAND SOUZA DOS SANTOS','M','S',NULL,NULL,NULL),
 (66,'','CIDADE NOVA','S','(92) 8194-9142',NULL,NULL,'joelleitemonteiro@gmail.com','RUA 75, CASA 65, NUCLEO 14','','','','RAIMUNDA VALDA LEITE MONTEIRO','S','','1','JOEL LEITE MONTEIRO','LINO GOMES MONTEIRO','M','N',NULL,NULL,NULL),
 (67,'MAE E PAI','CIDADE NOVA I','S','(92) 8253-8370',NULL,'1988-10-12 00:00:00','dayane_cds@hotmail.com','R.GUAPINARAMA 109','','(92) 3641-2354','','NORA SIMONE COSTA DE SOUZA','S','PAI E MAE','1','DAYANE COSTA DE SOUZA ','AIRTON SILVA DE SOUZA ','M','N',NULL,NULL,NULL),
 (68,'','C. NOVA I','S','(92) 9402-3831','1986-09-21 00:00:00',NULL,'','RUA CANAMARI N.23 ','','','','MARIA DE LOURDES SILVA','S','4 RAIMUNDA PESSOA,SIDNEY PESSOA,LILIAN PESSOA,FRANCISCO PESS','3','RAIMUNDA DA SILVA PESSOA','ALEIXO RODRIGUES DA SILVA','M','S',NULL,2,17),
 (69,'','NOVA CIDADE','S','(92) 9250-5435','2011-03-27 00:00:00','1978-11-20 00:00:00','niltonfreita@hotmail.com','R.220 QD. 326 N. 11 CONJ. CIDADAO 5','','','','RAIMUNDA NONATA FREITAS DA SILVA ','S','ESPOSA E FILHA ','1','NILTON FREITAS DA SILVA ','MANOEL LOPES DA SILVA ','M','S',NULL,NULL,NULL),
 (70,'ROSA MARIA MACIEL','CAMPO DOURADO','S','(92) 9127-5653','2010-10-30 00:00:00','1980-04-10 00:00:00','macieljackeline@gmail.com','TRAVESSA 35, Nº 1 A','','(92) 8818-7526','','ROSA MARIA DA SILVA MACIEL','S','ROSA MACIEL, TALINE PINTO, MARIA EDUARDA','1','JACKLINY DA SILVA MARCIEL','','M','S',NULL,NULL,NULL),
 (71,'','FLORES','S','(92) 9163-8700',NULL,'1993-03-24 00:00:00','Ricardo.borges33@hotmail.com','RUA 2 N.317 CONJ.RIO MARACANÃ','','(92) 3342-0648','','','S','','1','RICARDO DE SOUZA BORGES JUNIOR','','M','N',NULL,NULL,NULL),
 (72,'','FRANCISCA MENDES II','S','',NULL,'2004-08-06 00:00:00','','RUA 11, QUADRA 4 A, Nº 5','','','','','N','PAI, MAE E IRMA','1','MARIA EDUARDA PINHEIRADE B. MARCUS','','F','N',NULL,NULL,NULL),
 (73,'','C.NOVA II','S','(92) 9108-3900',NULL,'1993-02-03 00:00:00','Frota.Ryan@gmail.com','R CARDEAL DA SILVA N II','','(92) 3082-1312','','CLEDINEIA DE OLIVEIRA GOMES SAMPAIO','S','PAI,MÃE,TIOS','4','RYAN GOMES DA FROTA SAMPAIO','JOSÉ DA FROTA SAMPAIO','M','N',NULL,16,4),
 (74,'RAIMUNDO ARAGÃO ','CHAPADA','S','(92) 8136-2101','2011-11-27 00:00:00','1963-11-11 00:00:00','rsantossouza2@yahoo.com.br','CONJ. TOCANTINS II ETAPA','(92) 3238-2084','(92) 3627-6690','PROFESSOR DA ESCOLA SABATINA ','MARIA VALDENICI SOUZA','S','','1','RAIMUNDO SANTOS SOUZA ','CICERO JOSE DE SOUZA','M','S',NULL,NULL,NULL),
 (75,'LIGIONE P. ANTUNES ADNELSON MEDEIROS ','CIDADE NOVA II','S','(92) 9339-6173','2012-02-07 00:00:00','1981-05-06 00:00:00','robsonrf@gmail.com','R.FABIO LUCENA 10 NS SRA P SOCORRO','(92) 8133-5992','(92) 3636-9763','coordenação pg  /COMUNICAÇÃO/ PROFESSOR DA ESCOLA SABATINA','VANDA RAMOS FERREIRA ','S','2 IRMÃOS, E ESPOSA','1','ROBSON RAMOS FERREIRA','-','M','S',1,5,1),
 (76,'','CONJUNTO CIDADAO 5','S','(92) 9278-7473','2012-09-10 00:00:00','2001-12-07 00:00:00','suemyalmeida@hotmail.com','RUA 220, QUADRA 326, Nº 167','','','','SUEMY SOUZA DE ALMEIDA SILVA','S','PAI E MAE','1','HEVELYN ALMEIDA DA SILVA','NILTON FREITAS DA SILVA ','F','N',NULL,NULL,NULL),
 (77,'','C.NOVA','S','(92) 9104-8017',NULL,'1987-01-09 00:00:00','','RUA IRACEMA N.33','','','PROFESSORA DO JARDIM','MARIA SÔNIA  DE ARAUJO NASCIMENTO','S','','1','ROSÂNGELA DE ARAUJO NASCIMENTO','FRANCISCO VALENTIM NASCIMENTO','F','N',36,NULL,18),
 (78,'','CIDADE NOVA I','N','',NULL,'2004-11-05 00:00:00','','RUA PUNANCA , Nº 33','(92) 3641-2450','','','','S','','10','ANA GABRIELA L. DE SOUZA','','M','N',NULL,NULL,NULL),
 (79,'','CIDADE NOVA 5','S','(92) 9259-6304',NULL,'1964-02-23 00:00:00','marytania.guimaraes@yahoo.com.br','RUA 223, CASA 17, NUCLEO 22','','','','NEUZA JUSTINO DA COSTA','S','','1','MARY TANIA DA COSTA GUIMARAES','FRANCISCO MOURA DA COSTA','M','S',NULL,NULL,NULL),
 (80,'','C.NOVA I','S','(92) 8215-3564',NULL,'1990-04-20 00:00:00','raymissoniaai@hotmail.com','COMUNIDADE MUNDO NOVO','(92) 9368-7656','','','ELIZAMAR DE SOUZA FERREIRA','S','TODOS','2','RAYMISSON DE SOUZA FERREIRA','RAIMUNDO NONATO F SOARES','M','N',NULL,NULL,26),
 (81,'','','S','(92) 9447-0309','2013-01-12 00:00:00','1975-02-10 00:00:00','','','','','','','S','','1','CLAUDIONOR FREITAS ','','M','S',NULL,NULL,NULL),
 (82,'LEO ADLER 9141 7296','GUSTAVO NASCIMENTO','N','',NULL,'2005-12-09 00:00:00','','RUA DAS GRAUNAS, N. 368','','(92) 3645-4673','','ONEDIA LOURENCO LIRA','S','LEO ADLER,ONEDIA LIRA,BRENDO','10','SAMILY LIRA NASCIMENTO','LEO ADLER DE SOUZA NASCIMENTO','F','N',NULL,1,4),
 (83,'ANTONIO ELIAS BATISTA ','CIDADE NOVA I','S','(92) 9394-0698',NULL,'1981-07-10 00:00:00','kedleyangelo@gmail.com','R CAJARANA N. 6 CASA 1','(92) 8213-3807','','','LEUDA ANGELO PEREIRA','S','A MAIORIA','1','KEDLEY ANGELO PEREIRA ','JOSE MENDES PEREIRA','F','N',10,4,54),
 (84,'','C.NOVAII NUCLEO 3','S','(92) 9512-0927','2011-02-18 00:00:00','1998-09-12 00:00:00','','RUA28','','','','GIL LENE FORTALEZA TAVARES','S','TODOS','1','STEFANY SUAMI TAVARES FERREIRA','JAIME DA SILVA FERREIRA','F','N',3,NULL,4),
 (85,'','RIACHO DOCE 3','S','(92) 9422-7983','2011-03-01 00:00:00','1978-01-04 00:00:00','taniapassos10@hotmail.com','RUA VASCO DA GAMA N. 1R.D.III','','','','NELY PASSOS','S','TODOS','1','TANIA PASSOS','TACIANO VEIGA','F','S',NULL,14,NULL),
 (86,'','MUNDO NOVO ','S','',NULL,'1980-08-12 00:00:00','roberto-hipolito@hotmail.com','R. 17 CASA 277C ','','','','FRANCISCA HIPOLITO BEZERRO ','S','','1','JOSE ROBERTO H. BEZERRO','JOSE ZITO BEZERRO','M','S',NULL,NULL,NULL),
 (87,'','C.NOVA','S','(92) 9163-9971','1999-09-26 00:00:00','1971-04-19 00:00:00','valdirene.s.lima@hotmail.com','RUA40 Q.106A CASA 12A','','(92) 3667-0537','','VALRENE SELMA GOMES DA SILVEIRA','S','','3','VALDIRENE SILVEIRA LIMA DE OLIVEIRA','JOÃO PEREIRA LIMA','F','S',NULL,NULL,5),
 (88,'ARAGAO','BOAS NOVAS','S','(92) 9409-1138','2012-10-07 00:00:00','1954-01-21 00:00:00','','RUA 11, QUADRA 20, Nº 47','','','ESTA DISPONIVEL','RAIMUNDA VENTURA DA SILVA','S','','3','VALDEMARINA FERREIRA DA SILVA','VALDEMAR FERREIRA DA SILVA','F','N',1,NULL,17),
 (89,'','C.NOVAII','S','(92) 9270-3099','2012-04-14 00:00:00','1971-07-08 00:00:00','nina_freitas41@hotmail.com','RUA FABIO LUCENA N.10','','','','DIVA TEREZA SOUZA DE FREITAS','S','','3','VANIA SOUZA DE FREITAS','ANTONIO WALDIR C. DE FREITAS','F','S',NULL,NULL,NULL),
 (90,'','CIDADE DE DEUS','S','(92) 9246-0367','2012-10-27 00:00:00','1963-07-14 00:00:00','marizte-tavares@hotmail.com','RUA RIO JORDAS ','','(92) 9582-1753','','YOLANDA W. GURJEL','S','','1','MARIZETE W. TAVARES ','JURANDIR PROCEDER GURJEL ','F','S',1,1,7),
 (91,'','NOVA CIDADE','S','(92) 9278-7473','2011-03-27 00:00:00','1981-07-08 00:00:00','suemyalmeida@hotmail.com','RUA 220, QUADRA 326, Nº 11, CONJUNTO CIDADAO 5','','','','MARIA ANTONIA SOUZA DE ALMEIDA','S','','1','SUEMY SOUZA DEALMEIDA DA SILVA','RUI ROSIVEL CALDERO E ALMEIDA','F','S',1,NULL,14),
 (92,'','C.NOVA','S','(92) 9133-7849','1984-11-28 00:00:00','1974-01-20 00:00:00','vitoria.veras@hotmail.com','AV NEPAL N.11 QD.67A CONJ NOVA CIDADE','','(92) 3088-8373','','RAIMUNDA PAIVA LIMA','S','ERNANDES VERAS,STEFANY VERAS','4','VITÓRIA DE CÁSSIA DOS SANTOS VERAS','ANTONIO GAMA DOS SANTOS','F','S',NULL,NULL,NULL),
 (93,'','NOVA CIDADE','S','(92) 9220-1703','1977-09-21 00:00:00','1967-12-26 00:00:00','kerrjose@hotmail.com','AV.MARGARITA 1331','','','','DIMUNHA SOUZA KERR','S','','1','JOSE CARLOS KERR','herculano ozorio kerr','M','S',8,NULL,21),
 (94,'DOMINGO JOSE','NOVA CIDADE II','S','(92) 9171-6361','1999-12-26 00:00:00','1939-04-25 00:00:00','','RUA PROF. COLOREANO DRU\'U','','','','LUIZA MARIA DA CNCEICAO','S','','2','VILSON MENEZS DA SILVA','JORGE MENEZES DA SILVA','M','S',4,NULL,8),
 (95,'','C.NOVA II','S','(92) 9494-6288',NULL,'2005-03-04 00:00:00','','RUA BOM JESUS N.06 C.NOSSA SENHORA PERPETO SOCORRO','','(92) 3645-2473','','','S','','1','KEROLLANY OLIVEIRA DA SILVA','','F','S',NULL,NULL,NULL),
 (96,'ROSA MARIA, ROSIMERE CIQUEIRA','NOVA CIDADE II','S','(92) 9171-3016','1998-09-27 00:00:00','1947-09-30 00:00:00','','RUA PROF. COLOREANO DRUMD, Nº 40','','','DORCAS','MARIA FRANCISCA PIMENTEL AMORIM','S','PLNIO E LUCAS','2','MARIA CECI AMORIM DA SILVA','PLINIO DO NASCIMENTO AMORIM','F','S',6,NULL,45),
 (97,'LIGYONE 9358 8145','CIDADE NOVA II','S','(92) 9244-7823','2012-07-16 00:00:00','1981-02-04 00:00:00','lili-mel26@hotmail.com','RUA FABIO LUCENA, Nº6','','','DIACONISA','MARIA LIDIA DA SILVA MELGUEIRO','S','MARIDO','1','LIDIA MARIA DA SILVA MELGUEIRO','EUCLIDES TELLES MELGUEIRO','F','S',NULL,NULL,NULL),
 (98,'','NOVA CIDADE II','S','',NULL,'1943-12-05 00:00:00','','RUA 4, Nº 6, CONJUNTO MUNDO NOVO','','(92) 3581-0140','DORCAS','FLEURICE LUCENA LADISAU','S','BRUNA, TATIANA E JOSE','1','FLEURICE LADISLAU ','COLOMBODA SILVA LADISLAU','F','S',NULL,NULL,8),
 (99,'','C.NOVA ','S','(92) 9119-0082','2002-12-31 00:00:00','1968-02-17 00:00:00','souzasonieni@gmail.com','RUA 148 Q.271 N.16 N.CIDADE','(92) 3234-3097','','DIRETORA MUSICAL,DIR. MIN. DA MULHER','ANTONIA CORRÊA E SOUZA','S','','1','SONIENI  MARIA CORRÊA E SOUZA','ISMAEL DA SILVA E SOUZA','F','S',19,NULL,26),
 (100,'JACKLINE MACIEL','MUNDO NOVO','S','(92) 9456-8597',NULL,'1954-03-13 00:00:00','','RUA 6, Nº 31 A','','','RECEPCIONISTA','SUZANA AUGUSTA SILVA MACIEL','S','JACKLINE MACIEL, TAIANE PINTO, MARIA EDUARDA MACIEL','4','ROSA MARIA DA SIVA MACIEL','CARLOS ALVES MARCIEL','M','S',NULL,NULL,NULL),
 (101,'VANUSA 93764455','BEIJA FLOR','S','(92) 9140-7879','1989-08-28 00:00:00','1973-02-09 00:00:00','reginasilvalu@hotmail.com','R MACUXI 216 A','(92) 8804-6858','(92) 3632-2258','','OZILA DE ALMEIDA SILVA ','S','MAE E TRES IRMAOS','1','LUCIA REGINA DE ALMEIDA SILVA ','ARGEMIRO SANTANA DA SILVA ','F','N',3,NULL,5),
 (102,'IRMA IEDA','MONTE SIAO','S','(92) 9141-6404','2010-04-10 00:00:00','1972-10-23 00:00:00','','RUA D, Nº 9, CASA 3 ','','','O QUE DEUS ME DER,PODE SER DORCAS','CLEIDE VIANA','S','INGRID VITORIA','4','JANETE VIANA ','','F','S',NULL,NULL,NULL),
 (103,'','','S','(92) 9416-2610',NULL,'1980-11-18 00:00:00','','','','(92) 3219-6488','','ALZIRA DE S. RIBEIRO','S','','4','EDUARDO DE S. RIBEIRO','','M','N',NULL,2,NULL),
 (104,'','TERRA NOVA II','S','(92) 9107-7387','2009-07-04 00:00:00','1993-07-24 00:00:00','keversonneponuceno@hotmail.com','RUA PARINTINS N. 261','','(92) 3088-2622','','KELLY CRISTINA NEPONUCENO S.SILVA','S','KELLY CRISTINA NEPONUCEMO','1','KEVERSON N. NEPONUCENO','EDMILSONFERREIRA DA SILVA','M','N',NULL,NULL,3),
 (105,'','','S','',NULL,NULL,'','','','','','','S','','1','WALTER VALE DA CRUZ','FRANCISCO MARQUES DA CRUZ','M','S',NULL,NULL,NULL),
 (106,'','JESUS ME DEU ','S','(92) 8132-3512','2010-10-30 00:00:00','1957-10-14 00:00:00','','AV ISRAEL N 25','','','','TEREZA TRINDA PENA ','S','ANTONIO LEUCE E ALICE','1','LEUCE TRINDADE DA SILVA ','PEDRO DA SILVA PENA ','F','S',1,10,17),
 (107,'','NOVA CIDADE','S','(92) 9989-5148','2010-04-10 00:00:00','1952-05-20 00:00:00','evanrot@hotmail.com','RUA 54, QUADRA 1662, CASA 9','','(92) 3667-4228','','LAIDE CIQUEIRA TRINDADE','S','','3','EVANDR CIQUEIRA DA TRINDADE ','MANUEL ALMEIDA TRINDADE','M','S',NULL,NULL,NULL),
 (108,'','C.NOVA','S','(92) 8226-5797',NULL,'1980-08-28 00:00:00','kedsonangelo@hotmail.com','RUA CONTARELLI Q176 N.241','','','','LEUDA ANGELO PEREIRA','S','ESPOSA','1','KEDSON ANGELO  PEREIRA','JOSÉ MENDES PEREIRA','M','S',27,NULL,26),
 (109,'','CIDADENOVA I','N','',NULL,'1926-10-10 00:00:00','','RUA TAMBIARA, Nº 133 ','','','','','S','','10','MARIA DE LOURDES ABRANTES PINTO','','F','S',NULL,NULL,17),
 (110,'','CIDADE DE DEUS','S','(92) 9609-4987','2008-11-02 00:00:00','1972-11-02 00:00:00','','','','(92) 3645-9189','','ARLETE RODRIGUES DE LIMA','S','MAE  E  IRMA ','1','ERICA ANDREA DE LIMA BALBI','THURENNE MONTEIRO BALBI','F','S',2,12,15),
 (111,'','UNIÃO','S','(92) 9290-8862','1991-04-12 00:00:00','1970-01-17 00:00:00','fcley-depaula@hotmail.com','BECO UNIÃO,18 BAIRRO UNIÃO','(92) 3642-4088','','','RAIMUNDA ALVES VIEIRA','S','','1','JANE CLEY VIEIRA DE PAULA','MANOEL VIEIRA','F','S',36,15,47),
 (112,'','JORGE TEIXEIRA 4','S','','2006-04-15 00:00:00','1962-07-20 00:00:00','','RUA 28 DE AGOSTO N.794','','','DIACONO','FRANCISCA DA CHAGAS ','S','','1','RAIMUNDO NONATO COELHO DA SILVA','','M','S',NULL,NULL,NULL),
 (113,'EDVAN, MARLENE','COND ALTO DE FLORES ','S','(92) 8255-3268','2009-07-26 00:00:00','2000-01-09 00:00:00','ericklima2@hotmail.com',' PARQUE DAS NACOES','','(92) 8223-6967','secretario DOS JUVENIS ','MARLENE AZEVEDO LIMA ','S','PAI E MAE','1','ERICK AZEVEDO LIMA ','EDVAN AZEVEDO LIMA ','M','N',NULL,NULL,NULL),
 (114,'','AMAZONINO MENDES','S','(92) 8211-1341',NULL,'1940-12-12 00:00:00','','R.52 IARA 26 ','','','','FRANCISCA RIBEIRO ARAUJO','S','','1','ESTER RIBEIRO ARAUJO','ERNESTO RIBEIRO ARAUJO','F','S',NULL,NULL,NULL),
 (115,'','CIDADE NOVA','S','(92) 8159-4380','2012-04-14 00:00:00','1950-08-03 00:00:00','rnscontabilidade@yahoo.com.br','RUA GUAPIACU, Nº 1, QUADRA 28','','(92) 3233-4305','','MARIA DAS DORES DE SOUZA','S','RENATA LUZIA SOUZA DOS SANTOS','1','RAIMUNDA NONAATA ROQUE DE SOUZA','ARMANDO ROQUE DE SOUZA','F','S',1,17,25),
 (116,'','C.NOVAI','S','(92) 9179-0493',NULL,'1973-09-16 00:00:00','','R.GUIANAS','','','','HELENA PEREIRA DA SILVA','S','ESPOSA E FILHOS','1','LAZARO ROSERIO P.SEVERINO','ANTONIO FILOTEL SEVERINO','M','S',NULL,NULL,NULL),
 (117,'','PQ DEZ','S','(92) 9160-5991','1994-09-20 00:00:00','1959-04-10 00:00:00','fcley_depaula@hotmail.com','BECO LINIAO 18 ','','','PROFESSOR ESCOLA SABATINA ','','S','ESPOSA E FILHO','1','FRANCISCO ARAUJO DE PAULA ','','M','N',NULL,5,47),
 (118,'MARIANE, ZAILDA MAE','ADRIANOPOLIS','S','(92) 9126-3845','1991-12-31 00:00:00','1965-01-11 00:00:00','sonha_oliveira@hotmail.com','RUA PARAIBA, Nº 1020, APT 1402','(92) 3581-3731','(92) 3634-3809','ESCOLA SABATINA','IZAILDA NONATO DE OLIVEIRA','S','PAI, AE IRMAO, TIOS E PRIMOS','1','SONHA MARIA OLIVEIRA CAMPOS','RAIMUNDO BRILHANTE DE OLIVEIRA','F','S',NULL,NULL,7),
 (119,'','TERRA NOVA II','S','(92) 9155-6715',NULL,'1962-10-21 00:00:00','j-ruddy@hotmail.com','RUA.QUICHUÁ N.25','','(92) 3223-0941','','MARIA CRISTINA GONZAGA DE OLIVEIRA','S','','1','JOSÉ RUDI GONZAGA DE OLIVEIRA','JOSÉ ADIRIO SARAIVA DE OLIVEIRA','M','S',NULL,NULL,NULL),
 (120,'WALTER , MARIA DO SOCORRO','CIDADE NOVA','S','(92) 9250-0911',NULL,'1946-12-17 00:00:00','','RUA BOM JESUS N A 3 ','','','DIACONO','MARIA LOPES DE OLIVEIRA ','S','','1','FRANCISCO DAMIAO DE OLIVEIRA ','ERMENEGILDE DE OLIVEIRA ','M','S',NULL,1,NULL),
 (121,'','','S','(92) 8100-8076',NULL,'2000-08-15 00:00:00','','RUA TAMARUA NOVA CIDADE ','','','','','S','','4','GABRIEL REYNALDO ABR','','M','S',NULL,NULL,NULL),
 (122,'','ADRIANOPOLIS','S','(92) 8806-5564','2000-05-20 00:00:00','1987-04-28 00:00:00','claudiamaiza@gmail.com','AV.EFIGENIO SALES,183,CASA 14','','(92) 3236-4721','','MARCIA MARIA AMARAL DE VASCONCELOS','S','','1','CLAUDIA MAIZA FERNANDES EPIFÂNIO','CLAUDIO FERNANDES DA SILVA','F','N',23,16,4),
 (123,'','ADRIANOPOLIS','S','(92) 9613-7348',NULL,'1983-05-15 00:00:00','junior.romildo@hotmail.com','AV.EFIGENIO SALES,183,CASA 14','','','','MARILENE DE SOUZA LEAL EPIFANIO','S','','1','ROMILDO PEREIRA EPIFANIO JUNIOR','ROMILDO PEREIRA EPIFANIO','M','N',NULL,NULL,NULL),
 (124,'','CIDADE NOVA II','N','(92) 9490-3950',NULL,'1989-02-19 00:00:00','','RUA FABIO LUCENA, Nº6 ','','','','','N','','10','NELCIVANE DA ROCHA','','F','S',NULL,NULL,NULL),
 (125,'WALTER','CIDADENOVA I','S','(92) 9126-6172',NULL,'1955-06-09 00:00:00','','RUA CANAMARI,N?7 19,QUADRA 73','','','PROFESSORA DE ESCOLA SABATINA','MARIA ADELINA MARTINS PINHEIRO','S','','1','SANDRA MARIA PINHEIRO DE BRITO','EDILSON FRANCOPINHEIRO','F','S',2,NULL,11),
 (126,'WALTER','NOSSA SENHORA DE FATIMA II','S','(92) 9141-7296',NULL,'1969-04-26 00:00:00','leo-adler2009@hotmail.com','RUA DAS GAUNAS 368, ','','','COMUNICACAO','MARIA SIRLEY','S','','1','LEO ADLER DE SOUZA NASCIMENTO','FRANCISCO NASCIMENTO ','M','S',NULL,1,29),
 (127,'PLINIO MARCOS','NOVA CIDADE','S','(92) 9363-2603','1986-12-06 00:00:00','1971-08-11 00:00:00','ernandesveras@pmm.am.gov.br','AVN. NEPAL, QUADRA 67A, Nº11','','','DIRECAODE MUSICA','RAIMUNDA AGUIDA SILVA VERAS','S','','1','ERNANDES DE JESUS SILVA VERAS','CICERO SARAIVARIBEIRO VERAS','M','S',NULL,24,44),
 (129,'AUREA','CIDADE NOVA II','S','(92) 9911-0749','1999-10-09 00:00:00','1989-07-02 00:00:00','jai.jojo@hotmail.com','RUA A, CONJUNTO CANARANAS II','','','musica','RAQUEL SERRAO DA SILVA','S','','1','JOELMA SERRAO DA SILVA','JORGE BRASIL DA SILVA','F','S',NULL,31,4),
 (130,'DANIEL LABORDA','CIDADE NOVA 1','S','(92) 9133-9997',NULL,'1970-11-06 00:00:00','LORDMENDES8804@HOTMAIL.COM','RUA 11, N. 18, CONJ. MUNDO NOVO','','(92) 8828-2122','TODOS - ESTUDOS BÍBLICOS','ROSA LIMA DE CARVALHO','S','MARIA DE LURDES MOREIRA MENDES - LARISSA MAGALHÃES DE SOUZA ','1','EDÍLIO MENDES DE CARVALHO','MANUEL MENDES PEREIRA','M','S',NULL,6,7),
 (131,'CHARLES','CHAPADA','S','(92) 9153-9740','2009-03-08 00:00:00','1985-05-03 00:00:00','dinha_ch@yahoo.com.br','AVN DARCY VARGAS, CONJ TOCANTINS II, BL 13B, AP 305','','','','DILCE FERREIRA DE CASTRO','S','','1','DIVALDA RAMOS HONORIO','MANVAL PERREIRA RAMOS','F','S',2,1,17),
 (132,'DIVALDA','CHAPADA','S','(92) 9132-5616',NULL,'1983-11-19 00:00:00','charleshonorio@gmail.com','AVN DARCY VARGAS, CONJ TOCANTINS II, BL 13B, AP 305','','','','VANEIDE DA SILVA MONTEIRO','S','FAMILIA TODA','1','CHARLES DA SILVA HONORIO','ANTONIO DE OLIVEIRA HONORIO','M','S',2,1,56),
 (133,'DIVALDA','CHAPADA','S','',NULL,'2011-01-10 00:00:00','','AVN DARCY VARGAS, CONJ TOCANTINS II, BL 13B, AP 305','','','MUSICA','DIVALDA HONORIO','S','','1','GUILHERME RAMOS HONORIO','CHARLES HONORIO','M','S',NULL,NULL,NULL),
 (134,'FRANCISCO PEREIRA 9972-2679','CIDADE NOVA 1','S','(92) 9115-1007','1987-09-27 00:00:00','1957-11-02 00:00:00','AIRTONSDSOUZA@HOTMAIL.COM','RUA TAMOIOS (GUAPIRAMA), 109, ','(92) 8823-3640','(92) 3641-2354','DISPONIVEL','MARIA SILVA DE SOUZA','S','NORA SIMONE, DANIELLE, DAYANE','1','AIRTON SILVA DE SOUZA','LEOCADIO RODRIGUES DE SOUZA','M','S',43,10,5),
 (135,'','PARQUE SHANGRILA','S','(92) 8814-2089',NULL,'1961-10-30 00:00:00','higson.mo@hotmail.com','RUA B, Nº 12, ','','','','','S','','1','HIGSON MACEDODE OLIVEIRA','','M','S',NULL,10,5),
 (136,'AIRTON','CIDADE NOVA 1','S','(92) 9972-2679','1963-06-20 00:00:00','1949-06-17 00:00:00','JWP7334@HOTMAIL.COM','RUA FORTALEZA, N. 30, QD 4 - CAMPO DOURADO','','','DESBRAVADORES','MARIA DO CARMO NOGUEIRA DE SOUZA','S','ESPOSA VALDA MARIA WITAL, E FILHOS','1','FRANCISCO NOGUEIRA PEREIRA DE SOUZA','FRANCISCO PEREIRA DE SOUZA','M','S',NULL,6,5),
 (137,'EDGAR ','NOVA CIDADE','S','(92) 9162-2743','1997-01-07 00:00:00','1982-11-11 00:00:00','tainagp@gmail.com','RUA CARAVAGIO, Nº 8','','','','MARIA LUZENILDA FERREIRA GUIMARAES','S','ESPOSO','1','TAINA GUIMARAES PINHEIRO','TOME DE SOUZA PINHEIRO','F','S',6,NULL,28),
 (138,'RUBENS RAMOS GONSALVEL','CIDADE DE DEUS','S','(92) 9139-3516',NULL,'1965-07-26 00:00:00','lcs.feijao@gmail.com','RUA SANTO ANTONIO, Nº 561','','','QUALQUER UM','ROSA DE LIMA SILVA FEIJAO','S','','2','LUIZ CARLOS SILVA FEIJAO','JOAQUIM FIGUEREDO FEIJAO','M','S',22,12,5),
 (139,'EZIO JEFERSON LADISLAU','CIDADE NOVA 2','N','(92) 9222-4245',NULL,'2006-05-28 00:00:00','ELIAMARALADISLAU@HOTMAIL.COM','RUA 47 N.73 QUADRA 177 NÚCLEO 5','','(92) 3641-4152','','ELIAMARA LADISLAU NUNES','S','','10','LORENA NUNES DE ARAUJO','EDSON MENESES DE ARAUJO','F','S',NULL,NULL,5),
 (140,'','CIDADE NOVA 5','S','(92) 9421-8129',NULL,'1998-11-24 00:00:00','','RUA 223, CASA 17, NUCLEO 22','','','','MARY TANIA DA COSTA GUIMARAES','S','','1','GABRIEL DA COSTA GUIMARAES','JOSE AURIBERTO GUIMARAES','M','N',NULL,NULL,4),
 (141,'MARY TANIA DA COSTA GUIMARAES','CIDADE NOVA 5','S','',NULL,'1997-04-03 00:00:00','','RUA 223, CASA 17, NUCLEO 22','','','','MARY TANIA DA COSTA GUIMARAES','S','','1','LUCAS DA COSTA GUIMARAES','JOSE AURIBERTO GUIMARAES','M','N',NULL,NULL,4),
 (142,'','CIDADENOVA I','S','(92) 9270-3027','2006-04-29 00:00:00','1966-10-04 00:00:00','yedalitaiff@hotmail.com','RUA SACIARA, Nº 19','','','recepcionista e diaconisa','DACLE LITAIFF DE SOUZA','S','ESPOSO, FILHOS E NETO','1','YEDA CRISTINA LITAIFF DE SOUZA MENEZES','JOAO BIZERA DE SOUZA','F','S',33,NULL,5),
 (143,'','CIDADENOVA I','S','(92) 9157-6485','2006-04-29 00:00:00','1966-12-20 00:00:00','','RUA SACIARA, Nº 19','','','','MARIA RITA ','S','ESPOSA','1','ROBERTO KENEDY BARROS DE MENEZES','ANTONIO MENEZES','M','S',33,NULL,NULL),
 (144,'ANA GLEICY BRITO DE OLIVEIRA','CIDADENOVA I','S','(92) 9114-1738','2012-09-29 00:00:00','2001-11-11 00:00:00','','RUA CANAMARI,N?7 19,QUADRA 73','','','','ANA GLEICY BRITO DE OLIVEIRA','S','','1','CRISTIANA OLIVEIRA DE BRITO','EDMILTON PERREIRA DE BRITO','F','N',1,2,4),
 (145,'ANA GLEICY BRITO DE OLIVEIRA','CIDADENOVA I','N','(92) 9114-1738',NULL,'2004-06-13 00:00:00','','RUA CANAMARI,N?7 19,QUADRA 73','','','','ANA GLEICY BRITO DE OLIVEIRA','S','','10','RAIMUNDO PONTE DE BRITO NETO','EDMILTON PENHEIRO DE BRITO','M','N',NULL,2,4),
 (146,'','CIDADENOVA I','N','(92) 9114-1738',NULL,'2007-07-28 00:00:00','','RUA CANAMARI,N?7 19,QUADRA 73','','','','ANA GLEICY BRITO DE OLIVEIRA','S','','10','GEOVANA OLIVEIRA DE BRITPO','EDMILTON PENHEIRO DE BRITO','F','N',NULL,2,4),
 (147,'YURI LIMA, MILENE CRISTIAN','CIDADE NOVA 1','S','(92) 9202-0681','2011-11-27 00:00:00','1994-03-19 00:00:00','NARIANE61@GMAIL.COM','RUA FLORIDA, N. 6, QD 73','','(92) 8166-0023','DESBRAVADORES, NOVA EXPRESSÃO','CYNTHIA MARIA LOPES DOS SANTOS','S','','1','NARIANE LARISSA SANTOS DE SOUZA','NADÚ NOBERCK SANTOS DE SOUZA','F','N',1,16,4),
 (148,'NARIANE SOUZA','CIDADE NOVA 1','S','(92) 9477-8361','2011-04-30 00:00:00','1994-11-13 00:00:00','YURIROBERTLIMA@GMAIL.COM','RUA FLORIDA, 10,','','(92) 3221-6706','DESBRAVADORES, NOVA EXPRESSÃO','IVETE MONTEIRO DOS REIS LIMA','S','','1','YURI ROBERT MONTEIRO DOS REIS LIMA','GILBERTO DE SANTANA LIMA','M','N',1,16,38),
 (149,'EDUARDO','CIDADENOVA I','S','(92) 8816-9584','2012-11-24 00:00:00','1976-02-11 00:00:00','j.augusto_cbf@hotmail.com','AVN MAX TEXEIRA','','','PROFESSORA DE ESCOLA SABATINA','NELY RODRIGUES DA CUNHA','S','','1','JOSE AUGUSTO CORDEIRO BARATA FILHO','JOSE AUGUSTO CORDEIRO BARATA','M','S',NULL,NULL,5),
 (150,'ADNELSON ','PONTA NEGRA','S','(92) 9207-1798',NULL,'1977-02-19 00:00:00','','AVN CORONEL TEXEIRA, Nº 4080','','','','FRANCISCA LARCEDA DA ROCHA','S','ESPOSO','1','MAEME ROCHA','DESTRINO INACIOD ROCHA','F','S',NULL,NULL,4),
 (151,'ROBSON CLAUDEMIR VALTER','CIDADE NOVA 1','S','(92) 9147-5571','2012-09-29 00:00:00','1983-03-17 00:00:00','','RUA FORTALEZA, 23 - CAMPO DOURADO','','(92) 9421-8702','ESTUDOS BÍBLICOS','MARIA DE FÁTIMA BRITO DOS SANTOS','S','FRANCILENE, JHULY FANTINI','1','JARDEL BRITO DOS SANTOS','JOSÉ PEREIRA DOS SANTOS','M','S',1,1,4),
 (153,'JARDEL, VALTER, EDINELSON','CIDADE NOVA 1','S','(92) 9421-8702','2012-09-29 00:00:00','1971-11-03 00:00:00','','RUA FORTALEZA, 23 - CAMPO DOURADO','','(92) 9147-5571','ESTUDOS BÍBLICOS','CLONICE DE OLIVEIRA MENDES','S','JARDEL, JHULY','1','FRANCILENE DE OLIVEIRA MENDES','JOSÉ FRANCISCO MENDES','M','S',1,1,17),
 (154,'WALTER','CIDADE NOVA II','S','',NULL,'1986-10-11 00:00:00','','RUA BOM JESUS, Nº 6','','','','MARIA BRITO DA SILVA','S','','1','KELLIANE MONTEIRO DE OLIVEIRA ','ERMEGILDO RODRIGUES DE OLIVEIRA','F','S',NULL,1,4),
 (155,'WALTER','CIDADE NOVA II','S','(92) 9162-9279',NULL,'1957-03-30 00:00:00','','RUA BOM JESUS, Nº 6','','','','MARIA LOPES DE OLIVEIRA','S','','1','MARIA DO SOCORRO OLIVEIRA','ERMEGILDO RODRIGUES DE OLIVEIRA','M','S',NULL,1,17),
 (156,'JARDEL 91475571','CIDADE NOVA 1','S','(92) 9147-5571','2012-09-29 00:00:00','2004-04-26 00:00:00','','RUA FORTALEZA, 23 - CAMPO DOURADO','','(92) 9421-8702','CORAL','FRANCILENE DE OLIVEIRA MENDES','S','PAI E MAE','1','JHULY FANTINI MENDES DOS SANTOS','JARDEL BRITO DOS SANTOS','M','N',1,1,4),
 (157,'VANESSA 93634628','CIDADE NOVA I','S','(92) 9441-3011','2011-01-01 00:00:00','1999-07-22 00:00:00','amanda.taranto@gmail.com','RUA CANARIO N 38','','(92) 3223-1820','','CLAUDIA','S','PAI E MAE','1','AMANDA RACHEL TARANTO','ANDERSON','F','N',1,NULL,4),
 (158,'JANIO','MANOA','S','(92) 8219-5368','2000-02-26 00:00:00','1967-03-01 00:00:00','','RUA 18, CASA 194, ','(92) 9616-9407','','COORDENADOR DE PEUQENOSGRUPOS','SEBASTIANA RAMOS GONSALVES','S','','1','RUBEM RAMOS GONSALVES ','ADRIANO GONSALVES','M','S',NULL,19,30),
 (159,'RUBENS','CIDADE NOVA I','S','(92) 9449-8855','2005-09-17 00:00:00','1957-11-04 00:00:00','','RUA CANARIO N 38','','(92) 3223-1820','ESCOLA SABATINA','AZUREA','S','ESPOSA E FILHA','1','ANDERSON TARANTO','ORLANDO','M','S',23,NULL,8),
 (160,'TANIA 94227983','CIDADE NOVA I','S','(92) 8227-3721','2000-12-09 00:00:00','1972-06-25 00:00:00','clautaranto@gmail.com','RUA CANARIO N 38 ','(92) 3223-1820','(92) 3223-1820','secretaria e recepçao','RACHEL','S','FILHO E MARIDO  E FILHA','1','CLAUDIA REGINA TARANTO ','CLAUDIO JOSE','F','S',NULL,NULL,17),
 (161,'DANIEL PINTO DE BARROS','CIDADENOVA I','S','(92) 9140-6137',NULL,'1952-01-16 00:00:00','','RUA 05, CASA 113, RENATO SOUZA PINTO','','','','MARIA DE LOURDES A. PINTO','S','','1','MARIA DAS GRACAS PINTO BARROS','ALBERTO RIBEIRO PINTO','F','S',2,NULL,17),
 (162,'WALTER VALE DA CRUZ','CIDADE NOVA II','S','(92) 9358-4159','2012-09-16 00:00:00','2001-03-21 00:00:00','josielson.junior@hotmail.com','RUA 121 CASA 45 B NUCLEO 11','','(92) 3223-0729','DIACONO ','ZILA LIRA DA CRUZ','S','TODOS','1','JOSIELSON FELIX MUNIZ','WALTER VALE DA CRUZ','M','N',1,1,4),
 (163,'JESSE','NOVA CIDADE','S','(92) 9142-4098',NULL,'1979-08-29 00:00:00','halleyhelga@hotmail.com','RUA BOTISUANA,Nº 6, QUADRA 81','','','DIACONO','DOMINGAS SILVA ROCHA','S','ESPOSA','1','HALLEY SILVA ROCHA','GABRIEL RODRIGUES BIZERRA ROCHA','M','N',NULL,NULL,49),
 (164,'MAE E PAI','CIDADE DE DEUS','S','(92) 9246-0367','2012-10-27 00:00:00','2002-02-10 00:00:00','','RUA GENEZARE CONJUNTO BEM HUR 4','(92) 9246-0362','(92) 3582-1753','','MARIZETE WANDERLEY ','S','PAI,  MAE , IRMA','1','GABRIEL WANDERLEY TAVARES','ALESSANDRO DE LIMA TAVARES ','M','N',1,1,4),
 (165,'JESSE','NOVA CIDADE','S','(92) 8216-2201',NULL,'1981-06-25 00:00:00','halleyhelga@hotmail.com','RUA BOTISUANA,Nº 6, QUADRA 81','','','','MARIA DAS GRACAS','S','ESPOSO','1','GRACYLMA ARAUJO GUIMARAES','ALCIMARIO','F','N',NULL,NULL,4),
 (166,'ELIMARA','CIDADE NOVA I','S','(92) 9301-2729',NULL,'1991-08-31 00:00:00','mend_am@hotmail.com','RUA 47, Nº 73, NUCLEO 5','(92) 3641-5112','','','','N','AVO, MAE E TIO','1','PABLO NUNES MENDONCA','','M','S',NULL,NULL,NULL),
 (167,'92327798','TARUMA','S','(92) 9230-2731',NULL,NULL,'neiaesanto@yahoo.com.br','RUA DO AREAL 177 TARUMA ','','','MINISTERIO DA MUSICA','TELENEIA DOS SANTOS MACHADO','S','','1','FRANCISNEIA DOS SANTOS MACHODA','FRANCISCO DE SOUZA MACHADO','M','N',NULL,NULL,5),
 (168,'PAI E MAE','CIDADE NOVA ','N','(92) 9147-9532',NULL,'2006-11-14 00:00:00','','AV MAX TEIXEIRA 3705','','','','MARIA DEURANICE RIBEIRO CRUZ','S','TODOS ','10','ANA ELYZE RIBEIRO CRUZ','WALDINEY LIRA DA CRUZ','F','N',NULL,1,4),
 (169,'SANDRA LABORDA','MUNDO NOVO','S','(92) 9163-3910',NULL,'1969-06-15 00:00:00','','RUA SAO MARCELINO, Nº 18','','','DIACONISA E RECEPCIONISTA','MARIA MOREIRA DA SILVA','S','EDILIO MENDES DE CARVALHO','1','MARIA DE LOURDES MOREIRA MENDES','ALFREDO PEDRO DA SILVA','F','S',1,6,11),
 (170,'','CIDADE NOVA','N','(92) 9147-9532',NULL,'2008-04-30 00:00:00','','AV MAX TEIXEIRA 3705','','','','MARIA DEURANICE RIBEIRO DA CRUZ','S','','10','THABYTA NOELY RIBEIRO CRUZ','WALDINEY LIRA DA CRUZ','F','N',NULL,1,4),
 (171,'AMANDA, CLAUDIA, ANDERSON','CIDADENOVA I','N','',NULL,'2007-10-05 00:00:00','','RUA CANARIO, Nº 38','','','','CLAUDIA','S','','10','PHELIPE TARANTO','ANDERSON ','M','N',NULL,NULL,4),
 (172,'PAULO GUIMARAES','NOVO ISRAEL','S','(92) 9240-0794','2000-02-15 00:00:00','1954-07-13 00:00:00','paulino.adelson@hotmail.com','RUA VISTA BELA, Nº 22','','','DIACONO','BEATRIZ GOMES DA SILVA','S','','1','ADELSON PAULINO DE SOUZA','MARIO PAULINO DA SILVA','M','S',NULL,NULL,47),
 (173,'','FLORE','S','(92) 9103-7204',NULL,'1986-03-12 00:00:00','socorro_adv@hotmail.com','RUA VITORIA, Nº 16 A','','','','DAUCIRIA DINIZ PEREIRA','S','','1','SOCORRO DINIZ PEREIRA','RAIMUNDO PEREIRA','F','S',16,NULL,49),
 (174,'','CIDADE NOVA II','S','(92) 9142-0781','2004-11-11 00:00:00','1994-09-08 00:00:00','karolgomes.costa@hotmail.com','RUA 36 N 02 NUCLEO 3 ','','','','CARLINA RODRIGUES GOMES','S','','1','KAROLINY GOMES DA COSTA ','PEDRO JOSE OLIVEIRA DA COSTA ','F','S',4,NULL,4),
 (175,'','CIDADE NOVA','S','(92) 8122-0193','2000-09-30 00:00:00','1973-01-14 00:00:00','macionilia.judiss@gmail.com','RUA MACAPA, Nº 96, NUCLEO 8','','','','','S','meus filhos e esposo','1','MACIONILIA VIANA JUDISS','','F','S',3,NULL,NULL),
 (177,'','PARQUE 10','S','(92) 9417-5189','2007-07-07 00:00:00','1993-10-24 00:00:00','lana_unasp@hotmail.com','RUA BURITI, Nº 71','','','','MARIA LUCIA DA SILVA','S','TODA A FAMILIA','4','LANA ARAUJO DE SOUZA','','F','S',6,NULL,44),
 (178,'WALTER VALE','REDSENCIAL PONTA NEGRA','S','(92) 8141-8999',NULL,'1969-04-08 00:00:00','adnelson-medeiros@bol.com.br','AVN CORONEL TEXEIRA, Nº 4080','(92) 9224-0676','','','RAIMUNDA NONATA MEDEIROS DE LIMA','S','ESPOSA ','1','ADNELSON MEDEIROS DE LIMA ','PEDRO ALVES DE LIMA','M','S',19,1,6),
 (179,'CLEDINEIA FROTA','CIDADE NOVA I','S','(92) 9357-7774','2010-10-25 00:00:00','1964-10-14 00:00:00','markyn.chagas@sonydadc.com','RUA TAMOJOS 76','(92) 2121-8504','','','ROMILDA RIBEIRO CHAGAS','S','03','1','MARKYN RIBEIRO CHAGAS ','JOSE CHAGAS','F','S',2,6,25),
 (180,'','CIDADE NOVA I','N','',NULL,'2009-10-10 00:00:00','','','','','','NATALY DAMARES SANTOS NASCIMENTO','S','PAI MAE AVOS TIOS','10','NICOLLE DAMARES SANTOS NASCIMENTO','DARLAN ANDREI LEMOS NASCIMENTO','F','N',NULL,18,NULL),
 (181,'','RIACHO DOCE II','S','(92) 8166-2173',NULL,'1956-02-01 00:00:00','','RUA FABIO LUCENA N 71','','','','RAIMUNDA DANTAS DE ARAUJO','S','MAE PAI E IRMA','1','MARINETE DANTAS DE ARAUJ0','LORIVAL FONCESCA','F','N',NULL,NULL,NULL),
 (182,'','CIDADE NOVA I','N','(92) 9314-4433',NULL,'2000-07-16 00:00:00','gabrielaribeiro_1@hotmail.com','OSVALDO FROTA I Q 36 R14 C14','','','SECRETARIA DA ESCOLA SABTINA','SANDRA MARCIA P. DE BRITO','N','','10','GABRIELA BRITO RIBEIRO','ANDREI MICHEL O. ALBUQUERQUE','F','N',NULL,NULL,NULL),
 (183,'WALTER VALE','MULTIRAO','S','(92) 9112-6780','2009-10-30 00:00:00','1982-12-30 00:00:00','gival.ramos@bol.com.br','RUA 121 N 07','','','MINISTERIO PESSOAL','','S','ESPOSA','1','GIVAL RAMOS ','','M','S',2,1,28),
 (184,'','AMAZONINO MENDES','S','(92) 8835-3902','2010-04-25 00:00:00','2000-08-21 00:00:00','','RUA RAMOS 75 C','','(92) 3223-7076','','ANA MARIA CARVALHO DA SILVA','S','8','1','GEOVANE CARVALHO DA SILVA','PAULO ALEXANDRE DA SILVA ','M','N',2,NULL,4),
 (185,'GEOVOVANA GABY','NOVA CIDADE','S','(92) 9263-9322',NULL,'1999-03-05 00:00:00','helmer_araujo@hotmail.com','RUA SECUNDARIA 7 CONJUNTO CIDADAO 7','(92) 9196-1020','(92) 8157-7261','SECRETARIO  DA ESCOLA SABTINA','SARA ARAUJO DE SOUZA ','S','2 IRMAS','1','HELMER ARAUJO RODRIGUES ','ROBERTO RIBEIRO BARBOSA','M','N',18,NULL,4),
 (186,'MAE E PAI','CIDADE NOVA I','S','(92) 9500-9280',NULL,'1998-10-27 00:00:00','','','','','RECPICIONISTA','MARILYN RIBEIRO CHAGAS','S','NENHUM','1','IGOR CHAGAS DE LIMA ','RUBEM HERCULANO DE LIMA','M','N',2,6,4),
 (187,'IRMA LEDA 9270-3027','MONTE SINAI','S','(92) 9353-5268','2010-04-10 00:00:00','2001-11-18 00:00:00','','RUA D 29 CASA 3','','','','JANETE VIANA','S','MAE','4','INGRID VITORIA V DE CARVALHO','','F','N',2,15,4),
 (188,'','CIDADE NOVA II','S','(92) 9269-5586',NULL,NULL,'','RUA CURIO, Nº 159, APT 17','','','SECRETRIA DA CLASSE','OZITA DE O SOUZA','S','TODA A FAMILIA ','1','INILEIA DE OLIVEIRA SOUZA','SILAS BATISTA DE SOUZA','F','N',NULL,NULL,31),
 (189,'','CIDADE NOVA','S','(92) 8152-1436','1994-12-25 00:00:00','1982-02-21 00:00:00','jerus2006@hotmail.com','RUA TAVARES N 76','','(92) 9237-7520','DEPARTAMENTO JOVEM','ALICE TORRES DA GAMA','S','QUASE TODOS','1','JERUZA TORRES DA GAMA ','RAIMUNDO ALVES DA GAMA','F','N',24,NULL,37),
 (190,'MAE','CIDADE NOVA I','S','(92) 9254-8372',NULL,'2010-01-25 00:00:00','marciapinheiro1@hotmail.com','R. 14 N:14 Q.36 CONJUNTO AM MEDEIROS','(92) 2126-2934','','','MARCIA PINHEIRO','N','','1','MANUELA DE BRITO CUNHA','FRANCISCO JUNIOR FREITAS NASCIMENTO','F','N',NULL,NULL,NULL),
 (191,'','PARQUE 10','S','(92) 8813-5777',NULL,'1964-07-03 00:00:00','ra.oliveira@yahoo.com.br','RUA B QD C, N 12  SHANGRILA II','(92) 2123-1366','(92) 3646-0273','','ANTONIA ALDIRA ALVES TEIXEIRA ','S','','1','RUTE ALDEMIRA ALVES T. OLIVEIRA ','','F','S',12,NULL,23),
 (192,'','BOAS NOVAS ','S','(92) 9409-1138','2012-10-07 00:00:00','1950-09-05 00:00:00','','RUA 2 QD 20 N 47','','','QUALQUER UM','MARIA SOUZA SOARES','S','','3','ORLANDO SOAREZ PIMENTA ','BASILIO SOARES PIMENTA','M','S',1,NULL,35),
 (193,'ODNEIA DE ALENCAR','CIDADE NOVA','S','(92) 8141-2913',NULL,NULL,'rosIlane_alencar@hotmail.com','RUA TAMBIARA, Nº 40','','','','ODNEIA DE ALENCAR','S','','1','ROSILANE D. DE ALENCAR BEZERR','RUBENS M. ALENCAR MEDEIROS','F','S',1,NULL,NULL),
 (194,'IR ARAGAO','FLORES','S','(92) 9238-6812',NULL,'1961-12-02 00:00:00','','AV B 470 MUNDO NOVO FLORES','','(92) 3636-9915','','AMBROSINA  MONTEIRO FERNANDES','S','FILHA','3','MARLVEIA MONTEIRO FERNANDES ','ANTONIO VELOSO FERNANDES','F','S',1,NULL,21),
 (195,'','CIDADE NOVA I','S','(92) 9467-1016','2002-10-28 00:00:00','1958-11-30 00:00:00','','RUA MATURACA, N º 46','','','','','S','','1','JANIO DE OLIVEIRA SOUZA','','M','S',5,15,18),
 (196,'','CIDADE NOVA','S','(92) 8139-6904','1999-09-26 00:00:00','1966-12-02 00:00:00','','RUA 40 QD 106-A CASA 12-A','(92) 9308-5111','(92) 3667-0537','','NAIR','S','IRMAO','3','JUAREZ RODRIGUES DE OLIVEIRA','AGREPINO','M','S',NULL,NULL,5),
 (197,'','CIDADE NOVA','S','','2003-04-26 00:00:00','1967-04-06 00:00:00','celineia.gomes@hotmail.com','RUA BEM-TI-VI, Nº 47','','','','GANTINA DE OLIVEIRA GOMES','S','4 PESSOAS','1','CELINEIA GOMES DA SILVA','CARLOS DE SOUZA GOMES','F','S',25,12,17),
 (198,'',' FLORES','S','(92) 9811-8357','2012-11-24 00:00:00','1939-08-02 00:00:00','','AV B 470 MUNDO NOVO','','(92) 3636-9915','','MARIA ALVES DA SILVA ','S','','3','JOSE ALVES DA SILVA ','MANOEL ALVES DA SILVA ','M','S',1,NULL,8),
 (199,'','CIDADE NOVA','S','(92) 9122-9286','1998-09-22 00:00:00','1970-05-31 00:00:00','arimateia@fmt.am.gov.br','RUA CAETANO FELIX, Nº 5 CIDADE NOVA','(92) 2127-3468','','','HERMINIA DE ALMEIDA PORTELA','S','','4','ARIMATEIA P. AZEVEDO','EDGAR DE EDUARDO DE AZEVEDO','M','S',NULL,14,49),
 (200,'','CIDADE NOVA I','S','(92) 9488-5589',NULL,'1997-03-21 00:00:00','jamile_fontinelly@hotmail.com','RUA MATURORA N 46','','','','ELIZABETH DELGADO FREITAS N','S','PAI E IRMAO','1','JAMILE FREITAS SOUZA ','JANIO DE OLIVEIRA SOUZA ','F','N',NULL,15,4),
 (201,'','CIDADE NOVA I','S','',NULL,'1993-08-20 00:00:00','jarlesson-@hotmail.com','RUA MATURORA N 46','','','','','S','PAI E IRMA','1','JARLESON FREITAS DE O. SOUZA','JANIO DE OLIVEIRA SOUZA','M','N',NULL,NULL,4),
 (202,'','TARUMA','S','','1997-12-27 00:00:00','1961-07-28 00:00:00','junildaarruda@yahoo.com.br','RUA GAIVOTA, Nº 53, VILA DOS PASSAROS','','','SECRETARIA DE CLASSE','RAIMUNDA ABREU DE ARRUDA','S','PATRICIA LIMA RUBIM','1','JUNILDA ARRUDA DE LIMA','PETRONIO PENEDO LIMA','F','S',NULL,13,5),
 (203,'','CIDADE NOVA','S','(92) 8135-2675','1999-06-26 00:00:00','1950-06-07 00:00:00','','RUA CANARIO, Nº 38','','','','RAIMUNDA SOARES FERNANDES','S','FILHOS, GENRO E NETA','1','RACHEL FERNANDES DA SILVA','VICENTE NEVES FERNANDES','F','S',4,NULL,11),
 (204,'','JORGE TEIXEIRA','S','',NULL,'2002-02-06 00:00:00','','','','','secretario','JOSSEANE COSTA DA SILVA','S','JOSSEANE JONES','1','JHONES C. SILVA E SILVA ','JONES SERGIO FERRERO','M','N',NULL,NULL,4),
 (205,'FEIJAO','BOAS NOVAS','S','(92) 9366-9299',NULL,'1950-06-17 00:00:00','mariainessantos09@gmail.com','RUA 14, QUADRA 52, CASA 26','','','qualquer um','ROSA G. DOS SANTOS','S','','1','MARIA IRIS G. DOS SANTOS','PEDRO LINHARES SANTOS','F','S',2,12,NULL),
 (206,'ROBSON RAMOS','NS DO PERPETUO SOCORRO','N','(92) 9490-3950',NULL,'1965-02-07 00:00:00','','RUA FABIO LUCENA N 6','','','','OLGA RAMOS DOS SANTOS','N','CLAUDEMIR RAMOS FERREIRA ','10','JOAO RAMOS FERREIRA ','JOAO FERREIRA DOS SANTOS ','M','S',NULL,5,9),
 (207,'FEIJAO','CIDADE NOVA 5','S','(92) 8821-1895',NULL,'1970-06-13 00:00:00','winston_cruz@bol.com.br','RUA 235, CASA 1, QUADRA 409, NUCLEO 21','(92) 3639-4003','(92) 3641-2984','ANCIAO, DIACONO, PROF. ESCOLA SABATINA, ESTUDO BIBLICO','JOVELINA CRUZ DE SOUZA','S','','1','WINSTON CRUZ DE SOUZA','WELLINGTHON SEBASTIAO DE SOUZA','M','S',10,NULL,22),
 (208,'','CIDADE NOVA II','S','(92) 8128-7512','1994-11-30 00:00:00','1983-07-09 00:00:00','jonasgama83@hotmail.com','RUA OSMARILZA MARTINS N 21','','(92) 3184-9828','DEPARTAMENTO JOVEM','ROSANA GAMA MARTINS ','S','SIM','1','JONAS GAMA MARTINS ','joao batista souza martins ','M','N',NULL,NULL,41),
 (209,'paula','CIDADE NOVA ','N','(92) 8826-7845',NULL,'2000-03-06 00:00:00','larissarebk@hotmail.com','CIDADE NOVA T3 CONJUNTO N 27','','','secretaria','WALCEMIRA MOURA ','N','IRMA PAI MAE','10','LARISSA REBECA MOURA DE ALMEIDA ','HERALDO FELIPE DE ALMEIDA ','F','N',NULL,15,4),
 (210,'DANIEL','MUNDO NOVO','S','(92) 9179-5800','2000-04-11 00:00:00','1988-04-14 00:00:00','georgejd7_@hotmail.com','RUA C, Nº 73, ','','','ministerio da musica','MARIA MIRILENE FERNANDES DANTAS ','S','PAE, MAE E IRMAO','1','JORGE DANTAS DA SILVA','RAIMUNDO ODS SANTOS SILVA','M','N',23,NULL,4),
 (211,'','CIDADE NOVA ','S','(92) 9252-0073',NULL,'1995-06-18 00:00:00','','RUA 148 Q 271 N 16 CONJ NOVA CIDADE  ','','','','SONIENE CORREA DE SOUZA','S','IRMA E MAE','1','LOURIENE CORREA E SOUZA ','LOURENCO CARNEIRO DE SOUZA ','F','N',NULL,NULL,4),
 (212,'walter','MULTIRAO','S','(92) 9200-5045','2009-10-30 00:00:00','1983-04-17 00:00:00','laurynramos@bol.com.br','RUA 121, Nº 7','','','recepcionista','','S','gival ramos','1','LAURIENE RAMOS','','F','S',NULL,1,17),
 (213,'','','S','(92) 9106-4703','2010-10-30 00:00:00','2002-01-31 00:00:00','','','','','','JACKLINY DA SILVA MACIEL','S','MAE E AVO','1','MARIA EDUARDO MACIEL COSTA ','DORIVAN P. COSTA ','F','N',1,18,4),
 (214,'','MULTIRAO','N','(92) 9200-5045',NULL,'2009-03-22 00:00:00','','RUA 121','','','CORAL INFANTIL','LAURIENE RAMOS','N','','10','LETICIA RAMOS','GIVAL RAMOS','F','N',NULL,1,NULL),
 (215,'claudemir ramos','CIDADE NOVA','S','(92) 9257-3036','2012-09-29 00:00:00','2002-06-01 00:00:00','leticiaferreira02@hotmail.com','RUA FABIO LUCENA, Nº 4','','','musica','regiane santos','S','pai','1','LETICIA SANTOS FERREIRA','claudemir ramos ferreira','F','N',1,5,4),
 (217,'ELIZA CAMPOS','CIDADE NOVA','S','(92) 9121-9575','2001-10-07 00:00:00','1964-03-24 00:00:00','m.lucio1@hotmail.com','R 6 N19 A CJ RENATO SOUZA PINTO','','','','MARIA CAMPOS MONTEIRO ','S','ESPOSA','1','MARIO LUCIO CAMPOS MONTEIRO','','M','S',4,11,16),
 (218,'','FLORES','S','(92) 9466-1874','2012-09-16 00:00:00','1992-08-05 00:00:00','xlidianerodriguesx@gmail.com','RUA BOM PASTOR, N?7 47','','','comunicacao, fazer agenda','LILIAN MACIEL RODRIGUES','S','ROSA','1','LIDIANE MACIEL RODRIGUES MELO','','F','S',NULL,NULL,39),
 (219,'NARCISO JUNIOR','P.DAS NACOES ','N','(92) 8133-9448',NULL,'2000-11-18 00:00:00','','R VENEZUELA N 49','','(92) 3650-1487','','ELIANE','S','','10','MARCOS VINICIUS EULARTE PORTO ','RANY MAGNO','M','N',NULL,NULL,4),
 (220,'JOSUE','FLORES','S','(92) 9153-5384','2006-12-01 00:00:00','1992-07-02 00:00:00','xlidianerodriguesx@gmail.com','RUA BOM PASTOR, N?7 47','','','COMUNICAO E ESCOLA SABATINA','MARILDA DE SOUZA MELO','S','','1','MARCELO BRENDON MELO RODRIGUES','MARCONDE MARTINS RODRIGUES','M','N',NULL,NULL,40),
 (221,'','CIDADE NOVA I','S','(92) 9354-4873',NULL,'1986-08-12 00:00:00','milyguerreiro@hotmail.com','RUA IRITAMA N 54 ','','(92) 3081-2843','departamento jovem','MARIA DO PERPETUO SOCORRO F GUERREIRO','S','3','1','MILENA FERNANDES FERNANDES GUERREIRO ','','F','N',2,24,4),
 (222,'','','S','',NULL,'1993-12-28 00:00:00','','','','(92) 8803-2791','','','N','','10','MIRLENE RAMOS MARTINS','','F','S',NULL,NULL,NULL),
 (223,'LAZARO ROGERIO P. SEVERINO','CIDADE NOVA','S','(92) 9321-2082',NULL,'1997-10-17 00:00:00','rebeca.seixas@hotmail.com','AVENIDA GUARANAS, Nº 2 D','','(92) 4101-7676','','SUZY ELLEN ROCHA SEIXAS','S','MAE, PAI, IRMAO, TIOS, PRIMOS E AVOS','9','REBECA SEIXAS SEVERINO','LAZARO ROGERIO P. SEVERINO','F','N',NULL,16,46),
 (224,'MINISTERIO PESSOAL','NOVA CIDADE','S','(92) 9179-9144','2002-12-31 00:00:00','1970-07-24 00:00:00','lourencopalestra@gmail.com','RUA 48, QUADRA 271, CASA 16','','','','RAIMUNDA CARNEIRO DE SOUZA','S','ESPOSA E FILHOS','10','LOURENCO CARNEIRO DE SOUZA','JOSE GOMES DA SILVA','M','S',NULL,NULL,NULL),
 (225,'JANE','PARQUE DAS NACOES','S','(92) 9303-5883','2000-10-13 00:00:00','1950-07-17 00:00:00','izabeths@hotmail.com','RUA NORUEGA, Nº 546','(92) 8115-3958','','MINISTERIO DA MULHER E DESBRAVADORES','IZABEL PINTO DA FONSECA','S','','8','IZABETH FONSECA DOS SANTOS','ATALICIO AGNOVEL DA FONSECA','F','S',13,NULL,37),
 (226,'AIRTON','CIDADE NOVA I','S','(92) 8809-5853','1987-09-26 00:00:00','1960-05-08 00:00:00','norasimone@hotmail.com','RUA TAMOIOS, Nº 109','(92) 3641-2354','','','ISAURA SILVA COSTA','S','ESPOSO E FILHAS','1','NORA SIMONE COSTA DE SOUZA','RAIMUNDO NONATO MENDES DA COSTA','F','S',43,10,38);
/*!40000 ALTER TABLE `membro` ENABLE KEYS */;


--
-- Definition of table `pastor`
--

DROP TABLE IF EXISTS `pastor`;
CREATE TABLE `pastor` (
  `past_id` int(11) NOT NULL AUTO_INCREMENT,
  `nome` varchar(100) NOT NULL,
  PRIMARY KEY (`past_id`),
  UNIQUE KEY `past_id` (`past_id`),
  UNIQUE KEY `nome` (`nome`)
) ENGINE=InnoDB AUTO_INCREMENT=44 DEFAULT CHARSET=latin1;

--
-- Dumping data for table `pastor`
--

/*!40000 ALTER TABLE `pastor` DISABLE KEYS */;
INSERT INTO `pastor` (`past_id`,`nome`) VALUES 
 (22,'ADAMOR PIMENTA'),
 (25,'ALIJOFRAM'),
 (7,'ALUIZIO GABRIEL'),
 (4,'ARLINDO PACHECO'),
 (20,'ARMANDO GONDIM'),
 (8,'ARTUR MANSK'),
 (28,'CARLOS BODAS'),
 (2,'CARLOS RIBEIRO'),
 (3,'DAVI RIBEIRO'),
 (9,'DAVID SOARES'),
 (38,'DORCAS'),
 (23,'ELIZEU PONTE DA SILVA'),
 (32,'ESTEVES'),
 (14,'FLAVIO COMPUS'),
 (10,'GILENO'),
 (34,'JOÃO BATISTA'),
 (5,'JOÃO VIEGAS'),
 (18,'JONAS CHOUA'),
 (40,'JORGE PEDROSA'),
 (27,'JOSÉ CLODOALDO'),
 (13,'JOSE DOMINGOS'),
 (41,'JOSE LAGOS'),
 (17,'JOSÉ MARTINS'),
 (33,'KUARUP REIS'),
 (36,'LORIVAL GOMES'),
 (11,'LUIZ FUCKNER'),
 (37,'MACELO COUTRIM'),
 (29,'MARCOS BENTES'),
 (16,'MOISÉS SEIXAS'),
 (30,'NATERCIO UCHOA'),
 (21,'NATERIN'),
 (19,'NILSON'),
 (1,'NOBERTO BRABO'),
 (43,'OTINIEL '),
 (39,'PAULO BRAVO'),
 (12,'RAIMUNDO LIMA'),
 (26,'REBMATI'),
 (15,'ROGELHO ROJAS'),
 (6,'RUBENS FARIAS'),
 (31,'VALTER'),
 (42,'WALCICLEY '),
 (24,'WALDELICIO'),
 (35,'WILL');
/*!40000 ALTER TABLE `pastor` ENABLE KEYS */;


--
-- Definition of table `pequenogrupo`
--

DROP TABLE IF EXISTS `pequenogrupo`;
CREATE TABLE `pequenogrupo` (
  `peq_id` int(11) NOT NULL AUTO_INCREMENT,
  `nome` varchar(100) NOT NULL,
  `anfi_id` int(11) DEFAULT NULL,
  `coord_id` int(11) DEFAULT NULL,
  PRIMARY KEY (`peq_id`),
  UNIQUE KEY `peq_id` (`peq_id`),
  UNIQUE KEY `nome_pequenogrupo_unique` (`nome`),
  KEY `FK_PEQUENO_GRUPO_ANFITRIAO` (`anfi_id`),
  KEY `FK_PEQUENO_GRUPO_COORDENADOR` (`coord_id`),
  CONSTRAINT `FK_PEQUENO_GRUPO_ANFITRIAO` FOREIGN KEY (`anfi_id`) REFERENCES `membro` (`mem_id`),
  CONSTRAINT `FK_PEQUENO_GRUPO_COORDENADOR` FOREIGN KEY (`coord_id`) REFERENCES `membro` (`mem_id`)
) ENGINE=InnoDB AUTO_INCREMENT=35 DEFAULT CHARSET=latin1;

--
-- Dumping data for table `pequenogrupo`
--

/*!40000 ALTER TABLE `pequenogrupo` DISABLE KEYS */;
INSERT INTO `pequenogrupo` (`peq_id`,`nome`,`anfi_id`,`coord_id`) VALUES 
 (1,'PREPARA TE PARA ETERNIDADE',NULL,NULL),
 (2,'MANANCIAL DE BENÇÃO',NULL,NULL),
 (3,'SHALON',NULL,NULL),
 (4,'A VOZ DA ESPERANÇA',NULL,NULL),
 (5,'HERÓIS DA FÉ',6,6),
 (6,'UNIDOS EM CRISTO',NULL,NULL),
 (10,'EL SHADAY',NULL,NULL),
 (11,'JASPE',NULL,NULL),
 (12,'ADONAI',NULL,NULL),
 (13,'REMANESCENTE ',NULL,NULL),
 (14,'LOUVOR E ADORAÇÃO',NULL,NULL),
 (15,'AMIGOS DE JESUS',NULL,NULL),
 (16,'OUVINDO A VOZ DE DEUS',NULL,NULL),
 (17,'APOCALIPSE',NULL,NULL),
 (18,'PEQUENO SAMUEL',NULL,NULL),
 (19,'A ESPERANÇA É JESUS',NULL,NULL),
 (20,'PEQUENO JOSUÉ',NULL,NULL),
 (21,'JOIAS PRECIOSAS',NULL,NULL),
 (22,'PEQUENO GIDEÃO',NULL,NULL),
 (23,'HERDEIROS DO REINO',NULL,NULL),
 (24,'GUARDIÕES DO ADVENTO',NULL,NULL),
 (26,'CORAL JOVEM',NULL,NULL),
 (27,'SEVENTH DAY',NULL,NULL),
 (28,'HERDEIROS DO REI',NULL,NULL),
 (29,'IDE',NULL,NULL),
 (31,'PEDACINHO DO CÉU',NULL,NULL),
 (33,'Test',NULL,NULL),
 (34,'ROSA DE SARON',NULL,NULL);
/*!40000 ALTER TABLE `pequenogrupo` ENABLE KEYS */;


--
-- Definition of table `perfil`
--

DROP TABLE IF EXISTS `perfil`;
CREATE TABLE `perfil` (
  `id_perfil` bigint(20) NOT NULL AUTO_INCREMENT,
  `descricao` varchar(255) DEFAULT NULL,
  PRIMARY KEY (`id_perfil`)
) ENGINE=InnoDB AUTO_INCREMENT=3 DEFAULT CHARSET=latin1;

--
-- Dumping data for table `perfil`
--

/*!40000 ALTER TABLE `perfil` DISABLE KEYS */;
INSERT INTO `perfil` (`id_perfil`,`descricao`) VALUES 
 (1,'ROLE_ADM'),
 (2,'ROLE_USER');
/*!40000 ALTER TABLE `perfil` ENABLE KEYS */;


--
-- Definition of table `pergunta`
--

DROP TABLE IF EXISTS `pergunta`;
CREATE TABLE `pergunta` (
  `perg_id` int(11) NOT NULL AUTO_INCREMENT,
  `nome` varchar(255) NOT NULL,
  `status` tinyint(1) DEFAULT NULL,
  PRIMARY KEY (`perg_id`),
  UNIQUE KEY `perg_id` (`perg_id`)
) ENGINE=InnoDB AUTO_INCREMENT=5 DEFAULT CHARSET=latin1;

--
-- Dumping data for table `pergunta`
--

/*!40000 ALTER TABLE `pergunta` DISABLE KEYS */;
INSERT INTO `pergunta` (`perg_id`,`nome`,`status`) VALUES 
 (1,'NUMERO DE MEMBROS PRESENTES',1),
 (2,'QUANTOS ALUNOS ESTUDARAM A LICAO DIARIAMENTE',1),
 (3,'NUMERO DE MATERIAIS MISSIONARIOS DISTRIBUIDOS DURANTE A SEMANA',1),
 (4,'NUMERO DE STUDO BIBLICO REALIZADOS DURANTE A SEMANA',1);
/*!40000 ALTER TABLE `pergunta` ENABLE KEYS */;


--
-- Definition of table `profissao`
--

DROP TABLE IF EXISTS `profissao`;
CREATE TABLE `profissao` (
  `pro_id` int(11) NOT NULL AUTO_INCREMENT,
  `nome` varchar(60) NOT NULL,
  PRIMARY KEY (`pro_id`),
  UNIQUE KEY `pro_id` (`pro_id`)
) ENGINE=InnoDB AUTO_INCREMENT=60 DEFAULT CHARSET=latin1;

--
-- Dumping data for table `profissao`
--

/*!40000 ALTER TABLE `profissao` DISABLE KEYS */;
INSERT INTO `profissao` (`pro_id`,`nome`) VALUES 
 (1,'ANALISTA DE SISTEMAS'),
 (2,'ADVOGADO(A)'),
 (3,'DESEMPREGADO(A)'),
 (4,'ESTUDANTE'),
 (5,'PROFESSOR(A)'),
 (6,'EMPRESÁRIO(A)'),
 (7,'AUTONOMO(A)'),
 (8,'APOSENTADO'),
 (9,'VIGILANTE'),
 (10,'VENDEDOR(A)'),
 (11,'TÉCNICO(A) EM ENFERMAGEM'),
 (12,'TÉCNICO(A) EM SEGURANÇA DO TRABALHO'),
 (13,'TÉCNICO REFRIGERAÇÃO E ELETRICA'),
 (14,'TÉCNICO DE URNA ELETRÔNICA'),
 (15,'ASSISTENTE SOCIAL'),
 (16,'FUNCIONÁRIO(A) PUBLICO FEDERAL'),
 (17,'DONA DE CASA'),
 (18,'COMPORTOR(A)'),
 (19,'CUSTUREIRA'),
 (20,'ESTETICISTA'),
 (21,'COMERCIANTE'),
 (22,'BANCÁRIO'),
 (23,'SUPERVISOR(A) DE VENDAS'),
 (24,'FUNCIONÁRIO PRIVADO'),
 (25,'CONTADOR(A)'),
 (26,'ADMINISTRADOR(A)'),
 (27,'CIRUGIÃO DENTISTA'),
 (28,'PROJETISTA AUTONOMO'),
 (29,'TÉCNICO(A) EM INFORMÁTICA'),
 (30,'MOTORISTA'),
 (31,'INDÚSTRIARIO(A)'),
 (32,'FISIOTERAPEUTA'),
 (33,'PROFESSOR(A) DE EDUCAÇÃO FÍSICA TESTE'),
 (34,'ELETRICISTA'),
 (35,'MESTRE DE OBRAS'),
 (36,'MISSIONÁRIO'),
 (37,'PEDAGOGO(A)'),
 (38,'AUXILIAR ADMINISTRATIVO'),
 (39,'ANALISTA DE RH'),
 (40,'ASSESSOR JURÍDICO'),
 (41,'BIOLÓGO(A)'),
 (42,'MÚSICO'),
 (43,'CONSULTOR(A) EXECUTIVA'),
 (44,'ASSISTENTE ADMINISTRATIVO'),
 (45,'DETISTA'),
 (46,'TÉCNICO(A) AGRICOLA'),
 (47,'FUNCIONÁRIO(A) PÚBLICA'),
 (48,'SOCORRISTA'),
 (49,'ENFERMEIRO (A)'),
 (51,'BIOMÉDICA'),
 (52,'MÉDICO(A)'),
 (53,'PUBLICITARIO(A)'),
 (54,'PUBLICITARIO(A)'),
 (55,'ZELADOR(A)'),
 (56,'ENGENHEIRO(A)'),
 (57,'SECRETARIA'),
 (58,'CONSULTOR(A) EXECUTIVO(A)'),
 (59,'CUSTUREIRA');
/*!40000 ALTER TABLE `profissao` ENABLE KEYS */;


--
-- Definition of table `questionario`
--

DROP TABLE IF EXISTS `questionario`;
CREATE TABLE `questionario` (
  `quest_id` int(11) NOT NULL AUTO_INCREMENT,
  `nome` varchar(255) NOT NULL,
  `mem_id` int(11) NOT NULL,
  `peq_id` int(11) NOT NULL,
  `saba_id` int(11) NOT NULL,
  `perg_id` int(11) NOT NULL,
  PRIMARY KEY (`quest_id`),
  UNIQUE KEY `quest_id` (`quest_id`),
  KEY `FKF5C3A9FD24A1375E` (`peq_id`),
  KEY `FKF5C3A9FD417EDA29` (`saba_id`),
  KEY `FKF5C3A9FD88BC6E33` (`mem_id`),
  KEY `FK_QUESTIONARIO_PERGUNTA` (`perg_id`),
  CONSTRAINT `FKF5C3A9FD24A1375E` FOREIGN KEY (`peq_id`) REFERENCES `pequenogrupo` (`peq_id`),
  CONSTRAINT `FKF5C3A9FD417EDA29` FOREIGN KEY (`saba_id`) REFERENCES `sabado` (`saba_id`),
  CONSTRAINT `FKF5C3A9FD88BC6E33` FOREIGN KEY (`mem_id`) REFERENCES `membro` (`mem_id`),
  CONSTRAINT `FK_QUESTIONARIO_PERGUNTA` FOREIGN KEY (`perg_id`) REFERENCES `pergunta` (`perg_id`)
) ENGINE=InnoDB DEFAULT CHARSET=latin1;

--
-- Dumping data for table `questionario`
--

/*!40000 ALTER TABLE `questionario` DISABLE KEYS */;
/*!40000 ALTER TABLE `questionario` ENABLE KEYS */;


--
-- Definition of table `sabado`
--

DROP TABLE IF EXISTS `sabado`;
CREATE TABLE `sabado` (
  `saba_id` int(11) NOT NULL AUTO_INCREMENT,
  `data` datetime NOT NULL,
  PRIMARY KEY (`saba_id`),
  UNIQUE KEY `saba_id` (`saba_id`),
  UNIQUE KEY `data` (`data`)
) ENGINE=InnoDB DEFAULT CHARSET=latin1;

--
-- Dumping data for table `sabado`
--

/*!40000 ALTER TABLE `sabado` DISABLE KEYS */;
/*!40000 ALTER TABLE `sabado` ENABLE KEYS */;


--
-- Definition of table `users`
--

DROP TABLE IF EXISTS `users`;
CREATE TABLE `users` (
  `username` varchar(40) NOT NULL,
  `password` varchar(45) NOT NULL,
  `authority` varchar(45) NOT NULL,
  PRIMARY KEY (`username`)
) ENGINE=InnoDB DEFAULT CHARSET=latin1;

--
-- Dumping data for table `users`
--

/*!40000 ALTER TABLE `users` DISABLE KEYS */;
INSERT INTO `users` (`username`,`password`,`authority`) VALUES 
 ('func','func','ROLE_FUNC'),
 ('ger','ger','ROLE_GER');
/*!40000 ALTER TABLE `users` ENABLE KEYS */;


--
-- Definition of table `usuario`
--

DROP TABLE IF EXISTS `usuario`;
CREATE TABLE `usuario` (
  `id_usuario` bigint(20) NOT NULL AUTO_INCREMENT,
  `ativo` bit(1) NOT NULL,
  `login` varchar(255) DEFAULT NULL,
  `senha` varchar(255) DEFAULT NULL,
  PRIMARY KEY (`id_usuario`)
) ENGINE=InnoDB AUTO_INCREMENT=3 DEFAULT CHARSET=latin1;

--
-- Dumping data for table `usuario`
--

/*!40000 ALTER TABLE `usuario` DISABLE KEYS */;
INSERT INTO `usuario` (`id_usuario`,`ativo`,`login`,`senha`) VALUES 
 (1,0x01,'admin','12345'),
 (2,0x01,'user','12345');
/*!40000 ALTER TABLE `usuario` ENABLE KEYS */;


--
-- Definition of table `usuario_perfil`
--

DROP TABLE IF EXISTS `usuario_perfil`;
CREATE TABLE `usuario_perfil` (
  `id_perfil` bigint(20) NOT NULL,
  `id_usuario` bigint(20) NOT NULL,
  KEY `FK57CD23FD9DB9E69B` (`id_perfil`),
  KEY `FK57CD23FD5A9933B9` (`id_usuario`),
  KEY `FK57CD23FD67F47FA6` (`id_perfil`),
  KEY `FK57CD23FDD7B1BC0E` (`id_usuario`),
  KEY `FK57CD23FD28906DBF` (`id_perfil`),
  KEY `FK57CD23FD2A939115` (`id_usuario`),
  CONSTRAINT `FK57CD23FD28906DBF` FOREIGN KEY (`id_perfil`) REFERENCES `perfil` (`id_perfil`),
  CONSTRAINT `FK57CD23FD2A939115` FOREIGN KEY (`id_usuario`) REFERENCES `usuario` (`id_usuario`),
  CONSTRAINT `FK57CD23FD5A9933B9` FOREIGN KEY (`id_usuario`) REFERENCES `usuario` (`id_usuario`),
  CONSTRAINT `FK57CD23FD67F47FA6` FOREIGN KEY (`id_perfil`) REFERENCES `perfil` (`id_perfil`),
  CONSTRAINT `FK57CD23FD9DB9E69B` FOREIGN KEY (`id_perfil`) REFERENCES `perfil` (`id_perfil`),
  CONSTRAINT `FK57CD23FDD7B1BC0E` FOREIGN KEY (`id_usuario`) REFERENCES `usuario` (`id_usuario`)
) ENGINE=InnoDB DEFAULT CHARSET=latin1;

--
-- Dumping data for table `usuario_perfil`
--

/*!40000 ALTER TABLE `usuario_perfil` DISABLE KEYS */;
INSERT INTO `usuario_perfil` (`id_perfil`,`id_usuario`) VALUES 
 (1,1),
 (2,2);
/*!40000 ALTER TABLE `usuario_perfil` ENABLE KEYS */;

--
-- Create schema portal
--

CREATE DATABASE IF NOT EXISTS portal;
USE portal;

--
-- Definition of table `cent_cargo`
--

DROP TABLE IF EXISTS `cent_cargo`;
CREATE TABLE `cent_cargo` (
  `carg_id` bigint(20) NOT NULL AUTO_INCREMENT,
  `nome` varchar(60) NOT NULL,
  PRIMARY KEY (`carg_id`),
  UNIQUE KEY `nome` (`nome`)
) ENGINE=InnoDB DEFAULT CHARSET=latin1;

--
-- Dumping data for table `cent_cargo`
--

/*!40000 ALTER TABLE `cent_cargo` DISABLE KEYS */;
/*!40000 ALTER TABLE `cent_cargo` ENABLE KEYS */;


--
-- Definition of table `cent_chamada`
--

DROP TABLE IF EXISTS `cent_chamada`;
CREATE TABLE `cent_chamada` (
  `cham_id` int(11) NOT NULL AUTO_INCREMENT,
  `presente` tinyint(1) DEFAULT NULL,
  `mem_id` int(11) DEFAULT NULL,
  `peq_id` int(11) DEFAULT NULL,
  `saba_id` int(11) DEFAULT NULL,
  PRIMARY KEY (`cham_id`),
  UNIQUE KEY `cham_id` (`cham_id`),
  KEY `FK2C0AD7AD24A1375E` (`peq_id`),
  KEY `FK2C0AD7AD417EDA29` (`saba_id`),
  KEY `FK2C0AD7AD88BC6E33` (`mem_id`),
  CONSTRAINT `FK2C0AD7AD24A1375E` FOREIGN KEY (`peq_id`) REFERENCES `cent_pequenogrupo` (`peq_id`),
  CONSTRAINT `FK2C0AD7AD417EDA29` FOREIGN KEY (`saba_id`) REFERENCES `cent_sabado` (`saba_id`),
  CONSTRAINT `FK2C0AD7AD88BC6E33` FOREIGN KEY (`mem_id`) REFERENCES `cent_membro` (`mem_id`)
) ENGINE=InnoDB DEFAULT CHARSET=latin1;

--
-- Dumping data for table `cent_chamada`
--

/*!40000 ALTER TABLE `cent_chamada` DISABLE KEYS */;
/*!40000 ALTER TABLE `cent_chamada` ENABLE KEYS */;


--
-- Definition of table `cent_departamento`
--

DROP TABLE IF EXISTS `cent_departamento`;
CREATE TABLE `cent_departamento` (
  `depart_id` bigint(20) NOT NULL AUTO_INCREMENT,
  `nome` varchar(60) NOT NULL,
  PRIMARY KEY (`depart_id`),
  UNIQUE KEY `nome` (`nome`)
) ENGINE=InnoDB DEFAULT CHARSET=latin1;

--
-- Dumping data for table `cent_departamento`
--

/*!40000 ALTER TABLE `cent_departamento` DISABLE KEYS */;
/*!40000 ALTER TABLE `cent_departamento` ENABLE KEYS */;


--
-- Definition of table `cent_grupo`
--

DROP TABLE IF EXISTS `cent_grupo`;
CREATE TABLE `cent_grupo` (
  `grup_id` int(11) NOT NULL AUTO_INCREMENT,
  `nome` varchar(60) NOT NULL,
  PRIMARY KEY (`grup_id`),
  UNIQUE KEY `grup_id` (`grup_id`),
  UNIQUE KEY `nome` (`nome`)
) ENGINE=InnoDB AUTO_INCREMENT=2 DEFAULT CHARSET=latin1;

--
-- Dumping data for table `cent_grupo`
--

/*!40000 ALTER TABLE `cent_grupo` DISABLE KEYS */;
INSERT INTO `cent_grupo` (`grup_id`,`nome`) VALUES 
 (1,'DORCAS');
/*!40000 ALTER TABLE `cent_grupo` ENABLE KEYS */;


--
-- Definition of table `cent_grupo_membro`
--

DROP TABLE IF EXISTS `cent_grupo_membro`;
CREATE TABLE `cent_grupo_membro` (
  `grupo_grup_id` int(11) NOT NULL,
  `membros_mem_id` int(11) NOT NULL,
  UNIQUE KEY `membros_mem_id` (`membros_mem_id`),
  KEY `FK55A764C0720455A9` (`membros_mem_id`),
  KEY `FK55A764C0D357F303` (`grupo_grup_id`),
  CONSTRAINT `FK55A764C0720455A9` FOREIGN KEY (`membros_mem_id`) REFERENCES `cent_membro` (`mem_id`),
  CONSTRAINT `FK55A764C0D357F303` FOREIGN KEY (`grupo_grup_id`) REFERENCES `cent_grupo` (`grup_id`)
) ENGINE=InnoDB DEFAULT CHARSET=latin1;

--
-- Dumping data for table `cent_grupo_membro`
--

/*!40000 ALTER TABLE `cent_grupo_membro` DISABLE KEYS */;
/*!40000 ALTER TABLE `cent_grupo_membro` ENABLE KEYS */;


--
-- Definition of table `cent_membro`
--

DROP TABLE IF EXISTS `cent_membro`;
CREATE TABLE `cent_membro` (
  `mem_id` int(11) NOT NULL AUTO_INCREMENT,
  `amigo_contato` varchar(100) DEFAULT NULL,
  `bairro` varchar(100) DEFAULT NULL,
  `batizado` varchar(1) DEFAULT NULL,
  `celular` varchar(20) DEFAULT NULL,
  `data_batismo` datetime DEFAULT NULL,
  `data_nascimento` datetime DEFAULT NULL,
  `email` varchar(60) DEFAULT NULL,
  `endereco` varchar(100) DEFAULT NULL,
  `fone_comercial` varchar(20) DEFAULT NULL,
  `fone_residencial` varchar(20) DEFAULT NULL,
  `interesse` varchar(60) DEFAULT NULL,
  `mae` varchar(60) DEFAULT NULL,
  `membro_igreja` varchar(1) DEFAULT NULL,
  `membros_batizado_familia` varchar(60) NOT NULL,
  `modo_conversao` varchar(2) DEFAULT NULL,
  `nome` varchar(60) NOT NULL,
  `pai` varchar(60) DEFAULT NULL,
  `sexo` varchar(1) DEFAULT NULL,
  `tem_filho` varchar(1) DEFAULT NULL,
  `past_id` int(11) DEFAULT NULL,
  `peq_id` int(11) DEFAULT NULL,
  `pro_id` int(11) DEFAULT NULL,
  PRIMARY KEY (`mem_id`),
  UNIQUE KEY `mem_id` (`mem_id`),
  UNIQUE KEY `nome_membro_unique` (`nome`) USING BTREE,
  KEY `FKBFC28C2A9EADD421` (`past_id`),
  KEY `FKBFC28C2ADC39DE7` (`pro_id`),
  KEY `FKBFC28C2A24A1375E` (`peq_id`),
  CONSTRAINT `FKBFC28C2A24A1375E` FOREIGN KEY (`peq_id`) REFERENCES `cent_pequenogrupo` (`peq_id`),
  CONSTRAINT `FKBFC28C2A9EADD421` FOREIGN KEY (`past_id`) REFERENCES `cent_pastor` (`past_id`),
  CONSTRAINT `FKBFC28C2ADC39DE7` FOREIGN KEY (`pro_id`) REFERENCES `cent_profissao` (`pro_id`)
) ENGINE=InnoDB AUTO_INCREMENT=268 DEFAULT CHARSET=latin1;

--
-- Dumping data for table `cent_membro`
--

/*!40000 ALTER TABLE `cent_membro` DISABLE KEYS */;
INSERT INTO `cent_membro` (`mem_id`,`amigo_contato`,`bairro`,`batizado`,`celular`,`data_batismo`,`data_nascimento`,`email`,`endereco`,`fone_comercial`,`fone_residencial`,`interesse`,`mae`,`membro_igreja`,`membros_batizado_familia`,`modo_conversao`,`nome`,`pai`,`sexo`,`tem_filho`,`past_id`,`peq_id`,`pro_id`) VALUES 
 (6,'ROBSON RAMOS FERREIRA','CIDADE NOVA','S','(92) 9257-3036',NULL,'1977-01-06 00:00:00','claudemirramosferreira@gmail.com','RUA 57, QUADRA 166 A, CASA 9, CONJUNTO NOVA CIDADE','(92) 2127-3046','(92) 3636-9763','','OLGA RAMOS PINTO','S','LETICIA SANTOS FERREIRA','1','CLAUDEMIR RAMOS FERREIRA','JOAO FERREIRA DOS SANTOS','M','S',1,5,1),
 (7,'nelson rosseti','riacho doce 03 cidade nova 02','S','(92) 9283-2434',NULL,'1975-12-07 00:00:00','waltinhovale@hotmail.com','rua vasco da gama','(92) 9486-8514','(92) 3223-0729','','zila lira da cruz','S','TODOS','1','WALTER VALE DA CRUZ FILHO','walter vale da cruz','M','S',NULL,1,5),
 (8,'MATHEUS ROSSETTI','riacho doce 03 cidade nova 02','S','(92) 9283-2434',NULL,'2000-03-29 00:00:00','jhonatan.clinton@hotmail.com','rua vasco da gama','','','','alciene  vasconselos da cruz','S','quase todos','1','JHONATAN CLINTON V.CRUZ','walter vale da cruz filho','M','N',NULL,NULL,NULL),
 (9,'','GALILEIA II ETAPA','S','(92) 9609-4988','2008-11-02 00:00:00',NULL,'alertemanaus@bol.com.br','RUA MONTE OLIMPIO, CASA 25','(92) 3645-9189','','','ZENAIDE NASCIMENTO OZORIO','S','ALESSANDRO T. DE LIMA e ERICA ANDREÁ L. BALBI','1','ARLETE RODRIGUES DE LIMA','ALLAN KARDEC RODRIGUES DE LIMA','F','S',2,12,16),
 (10,'JHONATAN CLINTON','CIDADE NOVA','S','(92) 9139-0890','2008-08-10 00:00:00','2001-05-15 00:00:00','rossetti.matheus6@hotmail.com','AV.CURAÇAO N422 Q 32 CONJUNTO NOVA CIDADE','','(92) 3081-2044','COMUNICAÇAO','MARIA CLEIDE NUNES BEZERRA ','S','PAI E MAE','1','MATHEUS BEZERRA ROSSETTI','NELSON DE OLIVEIRA ROSSETTI ','M','S',NULL,1,4),
 (11,'RANGEL R. FERREIRA','NSA  DO PERPETO SOCORRO CIDADE','S','(92) 9358-8145',NULL,'1986-10-04 00:00:00','ligya_antunes@hotmail.com','RUA FABIO LUCENA N.10','','(92) 3636-9763',NULL,'ROSILEIDE BIZERRIL PEREIRA','S','ESPOSO E TIOS DO ESPOSO','1','LIGIONE PEREIRA ANTUNES FERREIRA','FRANCISCO CLEONES C. ANTUNES','F','S',NULL,NULL,NULL),
 (12,'ARIMETEIA PORTELA E IRACINO','CONJ.FRANCISCA MENDES','S','(92) 9418-3612',NULL,'1965-12-04 00:00:00',NULL,'RUA 33 CASA 21 QUADRA 67','','',NULL,'MARIA MOREIRA DA SILVA','S','FILHOS','1','PEDRO MOREIRA DA SILVA','ANTONIO RAIMUNDO DA SILVA','M','S',NULL,NULL,NULL),
 (13,'','CIDADE NOVA','S','(92) 8429-0828',NULL,'1983-12-13 00:00:00','renata.san@hotmail.com','RUA GUAPIAUI N. 13 ','(92) 3233-4305','',NULL,'RAIMUNDA NONATA ROQUE DE SOUZA','S','MÃ?Â?E','1','RENATA LUZIA SOUZA DOS SANTOS ','JAIR PEREIRE DOS SANTOS ','M','N',NULL,NULL,NULL),
 (15,'','CIDADE NOVA I','S','(92) 9335-5370','2004-04-15 00:00:00','1993-08-01 00:00:00',NULL,'RUA MAIORUNA N. 29 ','','(92) 3641-1396','','IDELZUITE O. PEREIRA','S','NENHUM','3','EDGAR FELIPE O. PEREIRA','','M','N',4,NULL,NULL),
 (16,'','CIDADE NOVA','S','(92) 9403-6780',NULL,'1981-06-18 00:00:00',NULL,'NUCLEO 13 r.133 N.42','','(92) 3086-4091',NULL,'MARIA DE FATIMA DE SOUZA BATISTA ','S','PAI E MÃ?E E IRMÃ?','1','ANTONIO ELIAS DE SOUZA BATISTA -','FRANCISCO LIMA BATISTA ','M','N',NULL,NULL,NULL),
 (17,'RICARDO BORGES','FLORES','S','(92) 9161-6889',NULL,'1966-06-06 00:00:00','marypreissler@hotmail.com','RUA C/424 CONJ.DUQUE DE CAXIAS','','(92) 3651-0498',NULL,'JORANNA PREISSER LIMA','S','ESPOSO E FOLHOS','1','MARINETE APARECIDA LIMA DA SILVEIRA ','aldemiro barbosa lima','F','S',NULL,NULL,NULL),
 (18,'','JESUS ME DEU','S','(92) 8132-3258','2010-10-30 00:00:00',NULL,NULL,'AV. ISRAEL N. 25','','','','MAARIA JOSLVAE DA SI','S','ANTONIO, ALICE, LUCIA','1','ANTONIO JOSE DA SILVA','JOSE FELEX DA SILVA','M','S',1,NULL,NULL),
 (19,'PAULO 36453027','NOVA CIDADE','S','(92) 8261-6078','1993-12-31 00:00:00','1973-01-27 00:00:00',NULL,'RUA 190 CASA 01 QD 358','','','','MARCIA CARVALHO DOS SANTOS','S','ESPOSA FILHA ENTIADA NETO GENRO','1','ANTONIO RODRIGUES CARVALHO FILHO ','ANTONIO RODRIGUES DOS SANTOS','M','S',34,3,9),
 (20,'MARINETE E RICARDO BORGES','FLORES','S','',NULL,'1961-11-10 00:00:00','iracino2012@hotmail.com','RUA C/424 CONJ.DUQUE DE CAXIAS','','(92) 3651-0498',NULL,'waldimira bomfim da silveira','S','ESPOSA E FILHOS','1','IRACINO BOMFIM DA SILVEIRA','candido otavio da silveira','M','S',NULL,NULL,NULL),
 (21,'ANTONIO ELIAS DE SOUZA BATISTA','CIDADE NOVA II','S','',NULL,'1961-12-22 00:00:00',NULL,'RUA133, N 42 NUCLEO 13 ','','(92) 3086-4091','','ERNESTINA PEREIRA DE SOUZA ','S','FILHOS','1','MARIA DE FATIMA DE SOUZA BATISTA ','MANUEL PEREIRA DOS CHAGAS ','F','S',NULL,NULL,NULL),
 (22,'','NOVA CIDADE','S','(92) 8115-3022',NULL,'1969-09-18 00:00:00',NULL,'AV. CURAÃ?Ã?O N. 10','(92) 3667-0154','(92) 3635-4267',NULL,'DIRA DE FIGUEREDO CABRAL','S','','1','VALDERLANDIA CABRAL DE SOUSA','SIDNEY DOS SANTOS CABRAL','F','S',NULL,NULL,NULL),
 (23,'ANA MARIA','CIDADE NOVA 1','S','(92) 9176-2323','2009-04-25 00:00:00','1993-10-22 00:00:00','GABRIELA_THE12@HOTMAIL.COM','RUA D N.14 CONJ.RIBEIRO JUNIO','','(92) 3636-9157','QUALQUER CARGO','ANA M. CARVALHO DA SILVA','S','MAE, IRMAOS E ESPOSO','4','GABRIELA CARVALHO M. DE ARAUJO','PAULO ALEXANDRE DA SILVA','F','N',NULL,NULL,NULL),
 (24,'ANA CLEIDE','CIDADE NOVA II','S','(92) 9129-5717','2012-03-14 00:00:00','1962-12-07 00:00:00','ivetinha_medeiros@hotmail.com','RUA 13, CASA 48, QD. 21, CONJUNTO VILA REAL','','','DIACONISA','MARIA IVETE DOS SANTOS RAMOS','S','','1','IVETE RAMOS MEDEIROS','DARLINDO CASTRO RAMOS','F','S',NULL,NULL,NULL),
 (25,'EVANDRO TRINDADE','CIDADE NOVA','S','(92) 9107-6931','2006-12-31 00:00:00','1980-06-20 00:00:00','alessandrovieira_jg@hotmail.com','RUA 190 CASA 1, QUADRA 358, CONJUNTO NOVA CIDADE','','','','MARIA DA CONCEICAO C. DA SILVA','S','TODOS','1','ALESSANDRO DA SILVA VIEIRA','MANUEL DA SILVA VIEIRA','M','S',NULL,NULL,NULL),
 (26,'PAULO / LURDES E PETTER','CIDADE NOVA','S','(92) 9163-4779','2006-12-31 00:00:00','1985-05-07 00:00:00','g.marques_vieira@hotmail.com','RUA 190, QUADRA 358, CASA 01, NOVA CIDADE','','','','ANA CLEIDE CARVALHO','S','PAI, MAE ,IRMA E CONJUGE','1','GISELE MARQUES VIEIRA','ANTONIO RODRIGUES CARVALHO','F','S',NULL,NULL,NULL),
 (27,'DEURANICE, PAULO, AUREAA, IVETE, HIGSON','CIDADE NOVA','S','(92) 9136-6114','1994-12-31 00:00:00','1966-06-25 00:00:00','cleidemarques1@live.com','RUA 190 CASA 1, QUADRA 358, CONJUNTO NOVA CIDADE','','','','RAIMUNDA DA CRUZ MARQUES','S','ESPOSA, FILHAS, GENRO, IRMA E CUNHADO','1','ANA CLEIDE DA CRUZ MARQUES CARVALHO','JOSE MARQUES ','F','S',NULL,NULL,NULL),
 (28,'FRANCISCO','FLORES','S','(92) 8115-3958','1984-09-18 00:00:00','1969-01-23 00:00:00','niltonsantoszerob@hotmail.com','RUA NORUEGA, Nº 546, PARQUE DAS NACOES','','','MUSICA E PROFESSOR DA ESCOLA SABATINA','ADELAIDE JOSE DOS SANTOS','S','IZABETH F. SANTOS, IZABELLA LIANDRA F. SANTOS','1','NILTON SANTOS','MILTON DOS SANTOS','M','S',28,NULL,29),
 (29,'ROSA','FLORES','S','(92) 9243-2251',NULL,'1978-06-19 00:00:00','josue_cf@hotmail.com','RUA VITORIA, 180','(92) 3877-1204','','','ADELAIDE LIMA NERI','S','','1','JOSUE LIMA NERI','HERMES CORREA NERI','M','N',NULL,NULL,NULL),
 (30,'','CIDADE NOVA II','S','(92) 8114-9409','2000-09-30 00:00:00','1975-01-15 00:00:00',NULL,'RUA MACAPA, Nº 96 ','','(92) 3636-6367','','CONCEICAO DO V. ALBUQUERQUE','S','TODOS','1','ANTONIO M. V. ALBUQUERQUE','MARIO BARBOSA DE ALBUQUERQUE','M','S',3,NULL,NULL),
 (31,'','RIACHO DOCE 3','S','(92) 9486-8514',NULL,'1976-07-02 00:00:00','alciene.vasconcelos@hotmail.com','RUA VASCO DA GAMA N. 1','','','professora departamental infantil','BERNADETE SOUSA DE VASCONCELOS','S','FAMILHA','4','ALCIENE VASCONCELOS DA CRUZ','ROBERTO SIMAO VASCONCELOS','F','S',NULL,1,5),
 (32,'ARAGÃO','','S','(92) 9169-1639',NULL,NULL,'JS.LIMA1968@BOL.COM.BR','RUA :  28 QUADRA 4° CASA 16 ','(92) 3622-5538','','','MARIA VERÔNCA G. LIMA ','S','SIM','5','JOSE APARECIDO DE S. LIMA','','M','S',NULL,NULL,36),
 (33,'ADNELSON E MAEME','REDENÇÃO','N','(92) 9500-9854',NULL,'2000-07-25 00:00:00','ADNAKIMBERLLY@GMAIL.COM','RUA GUANÉSIA N° 107','(92) 9207-1798','(92) 9224-0676','','MAEMELACERDA DA ROCHA','S','SIM 2','10','ADNA KIMBERLLY DA ROCHA LIMA ','ADNELSO MDEIROS DE LIMA','F','N',NULL,1,4),
 (34,'ALZIRA E ZULEIDE ','CONJ,AMADEU BOTEIHO CN III','S','(92) 9197-1518','1991-12-31 00:00:00','1952-08-05 00:00:00',NULL,'AV RAMO \"D\" C/192 Q; 11 ','','','','ALBA FIGUEIREDO COSTA ','S','TODOS','1','ANGELA RAQUEL FIGUEIRO','JOÃO COSTA SIQUEIRA ','F','S',10,2,5),
 (35,'','NOVA CIDADE','S','(92) 9247-2858','1986-07-04 00:00:00','1973-05-04 00:00:00','anabelamendes17@hotmail.com','RUA MONTE MORIA, N. 1, CONJUNTO GALILEIA II','(92) 3307-9571','(92) 3184-8400','','ROSA MACEDO FERREIRA','S','TODA A FAMILIA','1','ANABELA FERREIRA MENDES PEGO','ADOLFO VIEIRA MENDES','F','S',NULL,NULL,NULL),
 (36,'','RIACHO DOCE II','S','(92) 9407-2874','2011-06-18 00:00:00','1989-07-31 00:00:00',NULL,'RUA VASCO DA GAMA N° 1','','(92) 3223-3253','DIACONISA ','LUZINETE SOUZA FILHA ','S','SIM','1','BEATRIZ SOUZA DA CRUZ ','BERNADO PEREIRA DA SILVA ','F','S',1,1,11),
 (37,'','NOVA CIDADE II','S','',NULL,'1947-05-03 00:00:00',NULL,'RUA 27 N/ 13 ','','','','RAIMUNDA SE SOUZA BEZERRA','S','1 FILHA E TRÊS NETAS','1','MARIA DE NAZARÉ BEZERRA COSTA ','MANOEL BIZERRA ','F','S',26,NULL,NULL),
 (38,'REBECA E BRUNA','NOVA CIDADE','S','(92) 9109-2085',NULL,'2000-01-15 00:00:00','ana.beatriz.ferreira@live.com','RUA CARAUARI, BECO CARAUARI, N. 9','','(92) 3667-1930','PROFESSORA DA ESCOLA SABATINA JUVENIL','BERENICE FERREIRA DE OLIVEIRA','S','VÓ, TIO','2','ANA BEATRIZ FERREIRA DA SILVA','WILLIANS LIMA SILVA','F','N',NULL,NULL,NULL),
 (39,'','CIDADE NOVA II','S','(92) 9147-9532','1990-10-05 00:00:00','1968-05-31 00:00:00',NULL,'RUA MAX TEXEIRA N° 3705','','',' A DISPOSIÇÃO PARA QUALQUER CARGO ','BENEDITA DURANS RIBEIRO','S','SOBRINHA E IRMÃ','3','MARIA DEURANICE RIBEIRO','','F','S',NULL,6,5),
 (40,'','CIDADE NOVA','S','(92) 9114-1738',NULL,'1979-03-23 00:00:00',NULL,'RUA OSMARILDA MARTINS, C.N.S.P. SOCORRO','','','','MARIA DE FATIMA DE SOUZA BATISTA','S','MARIDO E FILHA','1','ANA GLEYCE BRITO DE OLIVEIRA','JOSE ROBERTO FARIAS DE OLIVEIRA','F','S',NULL,NULL,NULL),
 (41,'CELINEIA ','CIDADE NOVA I','S','(92) 9146-7673','2004-02-01 00:00:00','1964-06-14 00:00:00','CLEDINEIA.GOMES@SHOWABR.IND.BR','RUA 16O C/11 NÚCLEO 07','(92) 3616-0582','(92) 3084-1312','','SANTINA DE OLIVEIRA GOMES','S','ESPOSO MÃE E FILHO','6','CLEDINEIA DE OLIVEIRA GONES SAMPAIO ','CARLS DE SOUZA GOMES ','F','S',NULL,NULL,NULL),
 (42,'','NOVA CIDADE','S','(92) 8245-3968','2011-12-25 00:00:00','1974-08-20 00:00:00',NULL,'RUA CURACAO, N1O','(92) 3635-4267','(92) 3667-0154','','MARIA DA GLORIA LIMEIRA DE SOUZA','S','','1','ANTONIO G. LIMEIRA DE SOUZA','JOAO SIMAO PEREIRA DE SOUZA','M','S',NULL,NULL,NULL),
 (43,'','PARQUE DA NACOES','N','(92) 9380-6090',NULL,'2012-05-21 00:00:00',NULL,'RUA CANAURI','','','SECRETARIA DA PROFESSORA DO JUVENIS','LUCIRENE VIANA BRANDAO','S','2 FAMILIARES','10','BINCA BRANCHES VIANA','ISAIAS PROFETA DE JESUS BRANDAO','F','N',NULL,NULL,NULL),
 (44,'','CIDADE NOVA I','S','(92) 9137-5272',NULL,'1972-10-27 00:00:00','SANDRA.LABORDA@HOTMAIL.COM','TRAVESSA 19 N°10 ','','(92) 3084-9495','','MIRTES ASSUNSÃO DUARTE ','S','','3','SANDRA MARIA ASSUNSÃO DUARTE','DDINÉLIIO TEXEIRA DUARTE','F','S',1,6,NULL),
 (45,'ONEDIA E LEO ADLER','GUSTAVO NASCIMENTO','S','',NULL,'1998-01-16 00:00:00',NULL,'RUA DAS GRAUNAS, N. 368','','(92) 3645-4673','','ONEDIA LOURENCO LIRA','S','','2','BRENDO ALAN LIRA DA SILVA','LEO ADLER DE SOUZA NASCIMENTO','M','N',NULL,NULL,NULL),
 (46,'DANIEL LABRDA','CIDADE NNOVA II','S','(92) 9132-8996','2004-04-01 00:00:00','1959-06-02 00:00:00','FROTA@HOTMAIL.COM','RUA 160 CASA 11 NÚCLEO 07','','(92) 3084-1312','DIÁCONO','IRIS INÊS DA FROTA SAMPAIO','S','ESPOSA E FILHO','4','JOSÉ DA FROTA SAMPAIO ','GERSON SAMPAIO','M','S',29,6,7),
 (47,'CEDINEIA E IRACINDO ','NOVA CIDADE I','S','(92) 9247-9086',NULL,'1990-08-26 00:00:00','LABORDA@IG.COM.BR','TRAVESSA FIDALGO N° 10 ','','(92) 3084-9495','','RAIMUNDA AGLAIR LABORDA ','S','FILHO , ESPOSA .MÃE E IRMÃOS ','1','DANIEL LABORDA DE MOURA ','RAIMUNDO FERRERA','M','S',1,6,5),
 (48,'VANDRON','NOVA CIDADE','S','(92) 8226-5792',NULL,'1991-03-29 00:00:00','brunadebora01@gmail.com','RUA GABRIELLI, QUADRA 116, N. 241','','','CLUBE DOS DESBRAVADORES','ILCE DE SOUZA MARTINS','S','6 PESSOAS','1','BRUNA DEBORA MARTINS PEREIRA','FRANCISCO JOSE BRUNO MARTINS','F','S',NULL,NULL,NULL),
 (49,'ARAGÃO','GALILEEIA II','S','(92) 9454-8068',NULL,'1972-10-19 00:00:00','CLEIZA.WINALITE@BOL.COM.BR','RUA 28 QD 40 CASA 26','','','','GERMINA S. SANTIAGO','S','SIM','1','CLEZIA S. DO CARMO','SILVINO S.SANTIAGO ','F','S',NULL,NULL,43),
 (50,'ADNA, NORA E RAI','FLORES','S','(92) 9257-4974',NULL,'1942-12-17 00:00:00',NULL,'DUQ. DE CAXIAS R. 3 N°67','','(92) 3633-9000','','ORMINDA SALES DA SILVA ','S','SIM 4 MEMBROS','1','HILMA SILVA BABORSA ','','F','S',NULL,NULL,49),
 (51,'REBECA E ANA BEATRIZ','CIDADE NOVA','S','(92) 8126-4296','2011-04-24 00:00:00','2002-06-03 00:00:00','tatiladislau@hotmail.com','RUA 4, N. 6, MUNDO NOVO','','(92) 3581-0140','PROFESSORA DA ESCOLA SABATINA JUVENIL','TATIANA LADISLAU NAZARE','S','MAE, AVO ','2','BRUNA LADISLAU','MARCO ANTONIO S. GONCALVES','F','N',NULL,NULL,NULL),
 (52,'','MULTIRAO','N','(92) 9200-5045',NULL,'2006-09-19 00:00:00',NULL,'RUA 121, N. 7','','','AVENTUREIRO','LAURIENE RAMOS','S','PAI E MAE','10','CARLOS DANIEL RAMOS','GIVAL RAMOS','M','N',NULL,NULL,NULL),
 (53,'','NOVA CIDADE ','S','(92) 9388-9336',NULL,'1993-03-06 00:00:00','ABIGAILCORREIAESOUSA@HOTMAIL.COM','RUA 148 QD 271 N° 16','','','','SONIENI CORRÊA E SOUSA','S','','4','ABIGAIL CORRÊA E SOUSA','LORENÇO CARNEIRO DE SOUSA','F','N',NULL,NULL,NULL),
 (54,'','PARQUE DAS LARANJEIRAS','S','(92) 8815-3224','2000-09-01 00:00:00','1970-07-25 00:00:00',NULL,'RUA BARAO DE SURUI, CASA 5, QUADRA 25','','','','IVANIL DIAS DE SOUZA','S','CLEY MARIA DIAS DE SOUZA','2','CLEISE DIAS DE SOUZA','ANTONIO NOGUEIRA DIAS DE SOUZA','M','N',NULL,NULL,NULL),
 (55,'','RIO PIORINI','N','',NULL,'2012-04-16 00:00:00',NULL,'RUA ANAPIL, N. 108','','','','','N','','10','DANIEL BRITES DE ALMEIDA','','M','N',NULL,NULL,NULL),
 (56,'ELAINE','CIDADE NOVA','S','(92) 9295-1900','2011-04-24 00:00:00','1966-12-02 00:00:00','JAIMERLIS@HOTMAIL.COM','RUA 28 CASA 06 NÚCLEO III','(92) 3651-6828','','','FRANCISCA DA SILVA FERREIRA','S','TODOS','1','JAIME DA SILVAFERREIRA ','OSVALDO ALVES FERREIRA','M','S',13,NULL,47),
 (57,'DEURANICE','SÃO JORGE','S','(92) 9177-4728','2012-10-27 00:00:00','1991-07-18 00:00:00','frederico1807@hotmail.com','RUA NARA LEZO','','(92) 3625-8761','diacono ou ministerio da musica','MARIA DO PERPETUO SOCORRO SILVA ','S','','1','DANIEL FREDERICO DA SILVA ','','M','N',NULL,NULL,NULL),
 (58,'MAE E PAI','CIDADE NOVA','S','(92) 8804-7210','1998-10-10 00:00:00','1990-09-20 00:00:00','darlan.andreiln@gmail.com','','','','PIANISTA E DIACONO ','MANUA LEMOS NASCIMENTO ','S','PAI E MAE, ESPOSA, FILHOS, IRMÃO','1','DÁRLAN ANDRÉ LEMOS NASCIMENTO ','NOSIBERTO ARAUJO NASCIMENTO','M','S',NULL,NULL,NULL),
 (59,'','CIDADE NOVA','S','',NULL,'1936-05-13 00:00:00',NULL,'RUA CARAVAUA N. 16','','(92) 3221-8342','','','N','','1','DIVA F. CABRAL','','F','S',NULL,NULL,NULL),
 (60,'MARIO LUCIO','CIDADE NOVA','S','(92) 9242-3091','2003-08-03 00:00:00','1988-07-10 00:00:00','m.lucio1@gmail.com','R.6 N. 19-A CJ RENATO S. PINTO I','','','','NUBIA BATISTA SOUZA ','S','ESPOSO','4','BRUNA SALES MONTEIRO ','CLAUDIO SALES RODRIGUES','F','S',NULL,NULL,NULL),
 (61,'','CIDADE NOVA 5','S','(92) 9288-3189','2010-12-06 00:00:00','1964-11-20 00:00:00','pauloafonso.ml@hotmail.com','TRAVESSAO 2, Nº 6, NUCLEO 21, ','','','DIACONO','OLGA MOREIRA DE LIMA','S','ESPOSA','1','PAULO AFONSO M. LIMA','ANTONIO MARCELINO DE LIRA','M','S',NULL,NULL,NULL),
 (62,'','GALILEEIA II','S','(92) 8424-1213',NULL,'1976-01-21 00:00:00','PAULOPEGO@HOTMAIL.COM','MONTE MORIA N 01','','(92) 3307-9571','','MARIA ESTEVES SIMÕES','S','ANABELA MENDES PEGO,WILSON SIMÕES','6','PAULO PEREIRA PEGO','GERALDO PEREIRA PEGO','M','S',NULL,NULL,NULL),
 (63,'','FLORES','S','(92) 9121-8039',NULL,'1989-05-13 00:00:00','renatalibef@hotmail.com','RUA 02 Q.L N 317 CONJ,RIO MARACANÃ','','(92) 3342-0648','','ROSINETE LIMA BORGES','S','TODOS','1','RENATA LIMA BORGES','RICARDO DE SOUZA BORGES','F','S',NULL,NULL,NULL),
 (64,'','CIDADE NOVA','S','(92) 9341-5569',NULL,'1976-01-27 00:00:00',NULL,'RUA CAJAVAGIO','','','','DIVA F. CABRAL','S','','1','LADYJANE F. CABRAL','SIDINEI BANTOS CABRAL','F','S',NULL,NULL,NULL),
 (65,'','DOM PEDRO II','S','(92) 9232-7798',NULL,'1990-05-25 00:00:00','darlysondand@hotmail.com','R HOMERO DE MIRANDA LEAO','(92) 8183-1664','(92) 3616-7094','MINISTERIO DA MUSICA','ZENITE SIQUEIRA DOS SANTOS','S','','4','DARLYSON DANIEL DOS SANTOS','DAND SOUZA DOS SANTOS','M','S',NULL,NULL,NULL),
 (66,'','CIDADE NOVA','S','(92) 8194-9142',NULL,NULL,'joelleitemonteiro@gmail.com','RUA 75, CASA 65, NUCLEO 14','','','','RAIMUNDA VALDA LEITE MONTEIRO','S','','1','JOEL LEITE MONTEIRO','LINO GOMES MONTEIRO','M','N',NULL,NULL,NULL),
 (67,'MAE E PAI','CIDADE NOVA I','S','(92) 8253-8370',NULL,'1988-10-12 00:00:00','dayane_cds@hotmail.com','R.GUAPINARAMA 109','','(92) 3641-2354','','NORA SIMONE COSTA DE SOUZA','S','PAI E MAE','1','DAYANE COSTA DE SOUZA ','AIRTON SILVA DE SOUZA ','M','N',NULL,NULL,NULL),
 (68,'','C. NOVA I','S','(92) 9402-3831','1986-09-21 00:00:00',NULL,NULL,'RUA CANAMARI N.23 ','','','','MARIA DE LOURDES SILVA','S','4 RAIMUNDA PESSOA,SIDNEY PESSOA,LILIAN PESSOA,FRANCISCO PESS','3','RAIMUNDA DA SILVA PESSOA','ALEIXO RODRIGUES DA SILVA','M','S',NULL,2,17),
 (69,'','NOVA CIDADE','S','(92) 9250-5435','2011-03-27 00:00:00','1978-11-20 00:00:00','niltonfreita@hotmail.com','R.220 QD. 326 N. 11 CONJ. CIDADAO 5','','','','RAIMUNDA NONATA FREITAS DA SILVA ','S','ESPOSA E FILHA ','1','NILTON FREITAS DA SILVA ','MANOEL LOPES DA SILVA ','M','S',NULL,NULL,NULL),
 (70,'ROSA MARIA MACIEL','CAMPO DOURADO','S','(92) 9127-5653','2010-10-30 00:00:00','1980-04-10 00:00:00','macieljackeline@gmail.com','TRAVESSA 35, Nº 1 A','','(92) 8818-7526','','ROSA MARIA DA SILVA MACIEL','S','ROSA MACIEL, TALINE PINTO, MARIA EDUARDA','1','JACKLINY DA SILVA MARCIEL','','M','S',NULL,NULL,NULL),
 (71,'','FLORES','S','(92) 9163-8700',NULL,'1993-03-24 00:00:00','Ricardo.borges33@hotmail.com','RUA 2 N.317 CONJ.RIO MARACANÃ','','(92) 3342-0648','','','S','','1','RICARDO DE SOUZA BORGES JUNIOR','','M','N',NULL,NULL,NULL),
 (72,'','FRANCISCA MENDES II','S','',NULL,'2004-08-06 00:00:00',NULL,'RUA 11, QUADRA 4 A, Nº 5','','','','','N','PAI, MAE E IRMA','1','MARIA EDUARDA PINHEIRADE B. MARCUS','','F','N',NULL,NULL,NULL),
 (73,'','C.NOVA II','S','(92) 9108-3900',NULL,'1993-02-03 00:00:00','Frota.Ryan@gmail.com','R CARDEAL DA SILVA N II','','(92) 3082-1312','','CLEDINEIA DE OLIVEIRA GOMES SAMPAIO','S','PAI,MÃE,TIOS','4','RYAN GOMES DA FROTA SAMPAIO','JOSÉ DA FROTA SAMPAIO','M','N',NULL,16,4),
 (74,'RAIMUNDO ARAGÃO ','CHAPADA','S','(92) 8136-2101','2011-11-27 00:00:00','1963-11-11 00:00:00','rsantossouza2@yahoo.com.br','CONJ. TOCANTINS II ETAPA','(92) 3238-2084','(92) 3627-6690','PROFESSOR DA ESCOLA SABATINA ','MARIA VALDENICI SOUZA','S','','1','RAIMUNDO SANTOS SOUZA ','CICERO JOSE DE SOUZA','M','S',NULL,NULL,NULL),
 (75,'LIGIONE P. ANTUNES ADNELSON MEDEIROS ','CIDADE NOVA II','S','(92) 9339-6173','2012-02-07 00:00:00','1981-05-06 00:00:00','robsonrf@gmail.com','R.FABIO LUCENA 10 NS SRA P SOCORRO','(92) 8133-5992','(92) 3636-9763','coordenação pg  /COMUNICAÇÃO/ PROFESSOR DA ESCOLA SABATINA','VANDA RAMOS FERREIRA ','S','2 IRMÃOS, E ESPOSA','1','ROBSON RAMOS FERREIRA','-','M','S',1,5,1),
 (76,'','CONJUNTO CIDADAO 5','S','(92) 9278-7473','2012-09-10 00:00:00','2001-12-07 00:00:00','suemyalmeida@hotmail.com','RUA 220, QUADRA 326, Nº 167','','','','SUEMY SOUZA DE ALMEIDA SILVA','S','PAI E MAE','1','HEVELYN ALMEIDA DA SILVA','NILTON FREITAS DA SILVA ','F','N',NULL,NULL,NULL),
 (77,'','C.NOVA','S','(92) 9104-8017',NULL,'1987-01-09 00:00:00',NULL,'RUA IRACEMA N.33','','','PROFESSORA DO JARDIM','MARIA SÔNIA  DE ARAUJO NASCIMENTO','S','','1','ROSÂNGELA DE ARAUJO NASCIMENTO','FRANCISCO VALENTIM NASCIMENTO','F','N',36,NULL,18),
 (78,'','CIDADE NOVA I','N','',NULL,'2004-11-05 00:00:00',NULL,'RUA PUNANCA , Nº 33','(92) 3641-2450','','','','S','','10','ANA GABRIELA L. DE SOUZA','','M','N',NULL,NULL,NULL),
 (79,'','CIDADE NOVA 5','S','(92) 9259-6304',NULL,'1964-02-23 00:00:00','marytania.guimaraes@yahoo.com.br','RUA 223, CASA 17, NUCLEO 22','','','','NEUZA JUSTINO DA COSTA','S','','1','MARY TANIA DA COSTA GUIMARAES','FRANCISCO MOURA DA COSTA','M','S',NULL,NULL,NULL),
 (80,'','C.NOVA I','S','(92) 8215-3564',NULL,'1990-04-20 00:00:00','raymissoniaai@hotmail.com','COMUNIDADE MUNDO NOVO','(92) 9368-7656','','','ELIZAMAR DE SOUZA FERREIRA','S','TODOS','2','RAYMISSON DE SOUZA FERREIRA','RAIMUNDO NONATO F SOARES','M','N',NULL,NULL,26),
 (81,'','','S','(92) 9447-0309','2013-01-12 00:00:00','1975-02-10 00:00:00',NULL,'','','','','','S','','1','CLAUDIONOR FREITAS ','','M','S',NULL,NULL,NULL),
 (82,'LEO ADLER 9141 7296','GUSTAVO NASCIMENTO','N','',NULL,'2005-12-09 00:00:00',NULL,'RUA DAS GRAUNAS, N. 368','','(92) 3645-4673','','ONEDIA LOURENCO LIRA','S','LEO ADLER,ONEDIA LIRA,BRENDO','10','SAMILY LIRA NASCIMENTO','LEO ADLER DE SOUZA NASCIMENTO','F','N',NULL,1,4),
 (83,'ANTONIO ELIAS BATISTA ','CIDADE NOVA I','S','(92) 9394-0698',NULL,'1981-07-10 00:00:00','kedleyangelo@gmail.com','R CAJARANA N. 6 CASA 1','(92) 8213-3807','','','LEUDA ANGELO PEREIRA','S','A MAIORIA','1','KEDLEY ANGELO PEREIRA ','JOSE MENDES PEREIRA','F','N',10,4,54),
 (84,'','C.NOVAII NUCLEO 3','S','(92) 9512-0927','2011-02-18 00:00:00','1998-09-12 00:00:00',NULL,'RUA28','','','','GIL LENE FORTALEZA TAVARES','S','TODOS','1','STEFANY SUAMI TAVARES FERREIRA','JAIME DA SILVA FERREIRA','F','N',3,NULL,4),
 (85,'','RIACHO DOCE 3','S','(92) 9422-7983','2011-03-01 00:00:00','1978-01-04 00:00:00','taniapassos10@hotmail.com','RUA VASCO DA GAMA N. 1R.D.III','','','','NELY PASSOS','S','TODOS','1','TANIA PASSOS','TACIANO VEIGA','F','S',NULL,14,NULL),
 (86,'','MUNDO NOVO ','S','',NULL,'1980-08-12 00:00:00','roberto-hipolito@hotmail.com','R. 17 CASA 277C ','','','','FRANCISCA HIPOLITO BEZERRO ','S','','1','JOSE ROBERTO H. BEZERRO','JOSE ZITO BEZERRO','M','S',NULL,NULL,NULL),
 (87,'','C.NOVA','S','(92) 9163-9971','1999-09-26 00:00:00','1971-04-19 00:00:00','valdirene.s.lima@hotmail.com','RUA40 Q.106A CASA 12A','','(92) 3667-0537','','VALRENE SELMA GOMES DA SILVEIRA','S','','3','VALDIRENE SILVEIRA LIMA DE OLIVEIRA','JOÃO PEREIRA LIMA','F','S',NULL,NULL,5),
 (88,'ARAGAO','BOAS NOVAS','S','(92) 9409-1138','2012-10-07 00:00:00','1954-01-21 00:00:00',NULL,'RUA 11, QUADRA 20, Nº 47','','','ESTA DISPONIVEL','RAIMUNDA VENTURA DA SILVA','S','','3','VALDEMARINA FERREIRA DA SILVA','VALDEMAR FERREIRA DA SILVA','F','N',1,NULL,17),
 (89,'','C.NOVAII','S','(92) 9270-3099','2012-04-14 00:00:00','1971-07-08 00:00:00','nina_freitas41@hotmail.com','RUA FABIO LUCENA N.10','','','','DIVA TEREZA SOUZA DE FREITAS','S','','3','VANIA SOUZA DE FREITAS','ANTONIO WALDIR C. DE FREITAS','F','S',NULL,NULL,NULL),
 (90,'','CIDADE DE DEUS','S','(92) 9246-0367','2012-10-27 00:00:00','1963-07-14 00:00:00','marizte-tavares@hotmail.com','RUA RIO JORDAS ','','(92) 9582-1753','','YOLANDA W. GURJEL','S','QUASE TODOS','1','MARIZETE W. TAVARES ','JURANDIR PROCEDER GURJEL ','F','S',1,1,7),
 (91,'','NOVA CIDADE','S','(92) 9278-7473','2011-03-27 00:00:00','1981-07-08 00:00:00','suemyalmeida@hotmail.com','RUA 220, QUADRA 326, Nº 11, CONJUNTO CIDADAO 5','','','','MARIA ANTONIA SOUZA DE ALMEIDA','S','','1','SUEMY SOUZA DEALMEIDA DA SILVA','RUI ROSIVEL CALDERO E ALMEIDA','F','S',1,NULL,14),
 (92,'','C.NOVA','S','(92) 9133-7849','1984-11-28 00:00:00','1974-01-20 00:00:00','vitoria.veras@hotmail.com','AV NEPAL N.11 QD.67A CONJ NOVA CIDADE','','(92) 3088-8373','','RAIMUNDA PAIVA LIMA','S','ERNANDES VERAS,STEFANY VERAS','4','VITÓRIA DE CÁSSIA DOS SANTOS VERAS','ANTONIO GAMA DOS SANTOS','F','S',NULL,NULL,NULL),
 (93,'','NOVA CIDADE','S','(92) 9220-1703','1977-09-21 00:00:00','1967-12-26 00:00:00','kerrjose@hotmail.com','AV.MARGARITA 1331','','','','DIMUNHA SOUZA KERR','S','','1','JOSE CARLOS KERR','herculano ozorio kerr','M','S',8,NULL,21),
 (94,'DOMINGO JOSE','NOVA CIDADE II','S','(92) 9171-6361','1999-12-26 00:00:00','1939-04-25 00:00:00',NULL,'RUA PROF. COLOREANO DRU','','','','LUIZA MARIA DA CNCEICAO','S','','2','VILSON MENEZS DA SILVA','JORGE MENEZES DA SILVA','M','S',4,NULL,8),
 (95,'','C.NOVA II','S','(92) 9494-6288',NULL,'2005-03-04 00:00:00',NULL,'RUA BOM JESUS N.06 C.NOSSA SENHORA PERPETO SOCORRO','','(92) 3645-2473','','','S','','1','KEROLLANY OLIVEIRA DA SILVA','','F','S',NULL,NULL,NULL),
 (96,'ROSA MARIA, ROSIMERE CIQUEIRA','NOVA CIDADE II','S','(92) 9171-3016','1998-09-27 00:00:00','1947-09-30 00:00:00',NULL,'RUA PROF. COLOREANO DRUMD, Nº 40','','','DORCAS','MARIA FRANCISCA PIMENTEL AMORIM','S','PLNIO E LUCAS','2','MARIA CECI AMORIM DA SILVA','PLINIO DO NASCIMENTO AMORIM','F','S',6,NULL,45),
 (97,'LIGYONE 9358 8145','CIDADE NOVA II','S','(92) 9244-7823','2012-07-16 00:00:00','1981-02-04 00:00:00','lili-mel26@hotmail.com','RUA FABIO LUCENA, Nº6','','','DIACONISA','MARIA LIDIA DA SILVA MELGUEIRO','S','MARIDO','1','LIDIA MARIA DA SILVA MELGUEIRO','EUCLIDES TELLES MELGUEIRO','F','S',NULL,NULL,NULL),
 (98,'','NOVA CIDADE II','S','',NULL,'1943-12-05 00:00:00',NULL,'RUA 4, Nº 6, CONJUNTO MUNDO NOVO','','(92) 3581-0140','DORCAS','FLEURICE LUCENA LADISAU','S','BRUNA, TATIANA E JOSE','1','FLEURICE LADISLAU ','COLOMBODA SILVA LADISLAU','F','S',NULL,NULL,8),
 (99,'','C.NOVA ','S','(92) 9119-0082','2002-12-31 00:00:00','1968-02-17 00:00:00','souzasonieni@gmail.com','RUA 148 Q.271 N.16 N.CIDADE','(92) 3234-3097','','DIRETORA MUSICAL,DIR. MIN. DA MULHER','ANTONIA CORRÊA E SOUZA','S','','1','SONIENI  MARIA CORRÊA E SOUZA','ISMAEL DA SILVA E SOUZA','F','S',19,NULL,26),
 (100,'JACKLINE MACIEL','MUNDO NOVO','S','(92) 9456-8597',NULL,'1954-03-13 00:00:00',NULL,'RUA 6, Nº 31 A','','','RECEPCIONISTA','SUZANA AUGUSTA SILVA MACIEL','S','JACKLINE MACIEL, TAIANE PINTO, MARIA EDUARDA MACIEL','4','ROSA MARIA DA SIVA MACIEL','CARLOS ALVES MARCIEL','M','S',NULL,NULL,NULL),
 (101,'VANUSA 93764455','BEIJA FLOR','S','(92) 9140-7879','1989-08-28 00:00:00','1973-02-09 00:00:00','reginasilvalu@hotmail.com','R MACUXI 216 A','(92) 8804-6858','(92) 3632-2258','','OZILA DE ALMEIDA SILVA ','S','MAE E TRES IRMAOS','1','LUCIA REGINA DE ALMEIDA SILVA ','ARGEMIRO SANTANA DA SILVA ','F','N',3,2,15),
 (102,'IRMA IEDA','MONTE SIAO','S','(92) 9141-6404','2010-04-10 00:00:00','1972-10-23 00:00:00',NULL,'RUA D, Nº 9, CASA 3 ','','','O QUE DEUS ME DER,PODE SER DORCAS','CLEIDE VIANA','S','INGRID VITORIA','4','JANETE VIANA ','','F','S',NULL,NULL,NULL),
 (103,'','','S','(92) 9416-2610',NULL,'1980-11-18 00:00:00',NULL,'','','(92) 3219-6488','','ALZIRA DE S. RIBEIRO','S','','4','EDUARDO DE S. RIBEIRO','','M','N',NULL,2,NULL),
 (104,'','TERRA NOVA II','S','(92) 9107-7387','2009-07-04 00:00:00','1993-07-24 00:00:00','keversonneponuceno@hotmail.com','RUA PARINTINS N. 261','','(92) 3088-2622','','KELLY CRISTINA NEPONUCENO S.SILVA','S','KELLY CRISTINA NEPONUCEMO','1','KEVERSON N. NEPONUCENO','EDMILSONFERREIRA DA SILVA','M','N',NULL,NULL,3),
 (105,'','','S','',NULL,NULL,'waltinhovale@hotmail.com','','','','','','S','','1','WALTER VALE DA CRUZ','FRANCISCO MARQUES DA CRUZ','M','S',NULL,NULL,NULL),
 (106,'','JESUS ME DEU ','S','(92) 8132-3512','2010-10-30 00:00:00','1957-10-14 00:00:00',NULL,'AV ISRAEL N 25','','','','TEREZA TRINDA PENA ','S','ANTONIO LEUCE E ALICE','1','LEUCE TRINDADE DA SILVA ','PEDRO DA SILVA PENA ','F','S',1,10,17),
 (107,'','NOVA CIDADE','S','(92) 9989-5148','2010-04-10 00:00:00','1952-05-20 00:00:00','evanrot@hotmail.com','RUA 54, QUADRA 1662, CASA 9','','(92) 3667-4228','','LAIDE CIQUEIRA TRINDADE','S','','3','EVANDR CIQUEIRA DA TRINDADE ','MANUEL ALMEIDA TRINDADE','M','S',NULL,NULL,NULL),
 (108,'','C.NOVA','S','(92) 8226-5797',NULL,'1980-08-28 00:00:00','kedsonangelo@hotmail.com','RUA CONTARELLI Q176 N.241','','','','LEUDA ANGELO PEREIRA','S','ESPOSA','1','KEDSON ANGELO  PEREIRA','JOSÉ MENDES PEREIRA','M','S',27,NULL,26),
 (109,'','CIDADENOVA I','N','',NULL,'1926-10-10 00:00:00',NULL,'RUA TAMBIARA, Nº 133 ','','','','','S','','10','MARIA DE LOURDES ABRANTES PINTO','','F','S',NULL,NULL,17),
 (110,'','CIDADE DE DEUS','S','(92) 9609-4987','2008-11-02 00:00:00','1972-11-02 00:00:00',NULL,'','','(92) 3645-9189','','ARLETE RODRIGUES DE LIMA','S','MAE  E  IRMA ','1','ERICA ANDREA DE LIMA BALBI','THURENNE MONTEIRO BALBI','F','S',2,12,15),
 (111,'','UNIÃO','S','(92) 9290-8862','1991-04-12 00:00:00','1970-01-17 00:00:00','fcley-depaula@hotmail.com','BECO UNIÃO,18 BAIRRO UNIÃO','(92) 3642-4088','','','RAIMUNDA ALVES VIEIRA','S','','1','JANE CLEY VIEIRA DE PAULA','MANOEL VIEIRA','F','S',36,15,47),
 (112,'','JORGE TEIXEIRA 4','S','','2006-04-15 00:00:00','1962-07-20 00:00:00',NULL,'RUA 28 DE AGOSTO N.794','','','DIACONO','FRANCISCA DA CHAGAS ','S','','1','RAIMUNDO NONATO COELHO DA SILVA','','M','S',NULL,NULL,NULL),
 (113,'EDVAN, MARLENE','COND ALTO DE FLORES ','S','(92) 8255-3268','2009-07-26 00:00:00','2000-01-09 00:00:00','ericklima2@hotmail.com',' PARQUE DAS NACOES','','(92) 8223-6967','secretario DOS JUVENIS ','MARLENE AZEVEDO LIMA ','S','PAI E MAE','1','ERICK AZEVEDO LIMA ','EDVAN AZEVEDO LIMA ','M','N',NULL,NULL,NULL),
 (114,'','AMAZONINO MENDES','S','(92) 8211-1341',NULL,'1940-12-12 00:00:00',NULL,'R.52 IARA 26 ','','','','FRANCISCA RIBEIRO ARAUJO','S','','1','ESTER RIBEIRO ARAUJO','ERNESTO RIBEIRO ARAUJO','F','S',NULL,NULL,NULL),
 (115,'','CIDADE NOVA','S','(92) 8159-4380','2012-04-14 00:00:00','1950-08-03 00:00:00','rnscontabilidade@yahoo.com.br','RUA GUAPIACU, Nº 1, QUADRA 28','','(92) 3233-4305','','MARIA DAS DORES DE SOUZA','S','RENATA LUZIA SOUZA DOS SANTOS','1','RAIMUNDA NONAATA ROQUE DE SOUZA','ARMANDO ROQUE DE SOUZA','F','S',1,17,25),
 (116,'','C.NOVAI','S','(92) 9179-0493',NULL,'1973-09-16 00:00:00',NULL,'R.GUIANAS','','','','HELENA PEREIRA DA SILVA','S','ESPOSA E FILHOS','1','LAZARO ROSERIO P.SEVERINO','ANTONIO FILOTEL SEVERINO','M','S',NULL,NULL,NULL),
 (117,'','PQ DEZ','S','(92) 9160-5991','1994-09-20 00:00:00','1959-04-10 00:00:00','fcley_depaula@hotmail.com','BECO LINIAO 18 ','','','PROFESSOR ESCOLA SABATINA ','','S','ESPOSA E FILHO','1','FRANCISCO ARAUJO DE PAULA ','','M','N',NULL,34,47),
 (118,'MARIANE, ZAILDA MAE','ADRIANOPOLIS','S','(92) 9126-3845','1991-12-31 00:00:00','1965-01-11 00:00:00','sonha_oliveira@hotmail.com','RUA PARAIBA, Nº 1020, APT 1402','(92) 3581-3731','(92) 3634-3809','ESCOLA SABATINA','IZAILDA NONATO DE OLIVEIRA','S','PAI, AE IRMAO, TIOS E PRIMOS','1','SONHA MARIA OLIVEIRA CAMPOS','RAIMUNDO BRILHANTE DE OLIVEIRA','F','S',2,NULL,7),
 (119,'','TERRA NOVA II','S','(92) 9155-6715',NULL,'1962-10-21 00:00:00','j-ruddy@hotmail.com','RUA.QUICHUÁ N.25','','(92) 3223-0941','','MARIA CRISTINA GONZAGA DE OLIVEIRA','S','','1','JOSÉ RUDI GONZAGA DE OLIVEIRA','JOSÉ ADIRIO SARAIVA DE OLIVEIRA','M','S',NULL,NULL,NULL),
 (120,'WALTER , MARIA DO SOCORRO','CIDADE NOVA','S','(92) 9250-0911',NULL,'1946-12-17 00:00:00',NULL,'RUA BOM JESUS N A 3 ','','','DIACONO','MARIA LOPES DE OLIVEIRA ','S','','1','FRANCISCO DAMIAO DE OLIVEIRA ','ERMENEGILDE DE OLIVEIRA ','M','S',NULL,1,NULL),
 (121,'','','S','(92) 8100-8076',NULL,'2000-08-15 00:00:00',NULL,'RUA TAMARUA NOVA CIDADE ','','','','','S','','4','GABRIEL REYNALDO ABR','','M','S',NULL,NULL,NULL),
 (122,'','ADRIANOPOLIS','S','(92) 8806-5564','2000-05-20 00:00:00','1987-04-28 00:00:00','claudiamaiza@gmail.com','AV.EFIGENIO SALES,183,CASA 14','','(92) 3236-4721','','MARCIA MARIA AMARAL DE VASCONCELOS','S','','1','CLAUDIA MAIZA FERNANDES EPIFÂNIO','CLAUDIO FERNANDES DA SILVA','F','N',23,16,4),
 (123,'','ADRIANOPOLIS','S','(92) 9613-7348',NULL,'1983-05-15 00:00:00','junior.romildo@hotmail.com','AV.EFIGENIO SALES,183,CASA 14','','','','MARILENE DE SOUZA LEAL EPIFANIO','S','','1','ROMILDO PEREIRA EPIFANIO JUNIOR','ROMILDO PEREIRA EPIFANIO','M','N',NULL,NULL,NULL),
 (124,'','CIDADE NOVA II','N','(92) 9490-3950',NULL,'1989-02-19 00:00:00',NULL,'RUA FABIO LUCENA, Nº6 ','','','','','N','','10','NELCIVANE DA ROCHA','','F','S',NULL,NULL,NULL),
 (125,'WALTER','CIDADENOVA I','S','(92) 9126-6172',NULL,'1955-06-09 00:00:00',NULL,'RUA CANAMARI,N?7 19,QUADRA 73','','','PROFESSORA DE ESCOLA SABATINA','MARIA ADELINA MARTINS PINHEIRO','S','','1','SANDRA MARIA PINHEIRO DE BRITO','EDILSON FRANCOPINHEIRO','F','S',2,NULL,11),
 (126,'WALTER','NOSSA SENHORA DE FATIMA II','S','(92) 9141-7296',NULL,'1969-04-26 00:00:00','leo-adler2009@hotmail.com','RUA DAS GAUNAS 368, ','','','COMUNICACAO','MARIA SIRLEY','S','','1','LEO ADLER DE SOUZA NASCIMENTO','FRANCISCO NASCIMENTO ','M','S',NULL,1,29),
 (127,'PLINIO MARCOS','NOVA CIDADE','S','(92) 9363-2603','1986-12-06 00:00:00','1971-08-11 00:00:00','ernandesveras@pmm.am.gov.br','AVN. NEPAL, QUADRA 67A, Nº11','','','DIRECAODE MUSICA','RAIMUNDA AGUIDA SILVA VERAS','S','','1','ERNANDES DE JESUS SILVA VERAS','CICERO SARAIVARIBEIRO VERAS','M','S',NULL,24,44),
 (129,'AUREA','CIDADE NOVA II','S','(92) 9911-0749','1999-10-09 00:00:00','1989-07-02 00:00:00','jai.jojo@hotmail.com','RUA A, CONJUNTO CANARANAS II','','','musica','RAQUEL SERRAO DA SILVA','S','','1','JOELMA SERRAO DA SILVA','JORGE BRASIL DA SILVA','F','S',NULL,31,4),
 (130,'DANIEL LABORDA','CIDADE NOVA 1','S','(92) 9133-9997',NULL,'1970-11-06 00:00:00','LORDMENDES8804@HOTMAIL.COM','RUA 11, N. 18, CONJ. MUNDO NOVO','','(92) 8828-2122','TODOS - ESTUDOS BÍBLICOS','ROSA LIMA DE CARVALHO','S','MARIA DE LURDES MOREIRA MENDES - LARISSA MAGALHÃES DE SOUZA ','1','EDÍLIO MENDES DE CARVALHO','MANUEL MENDES PEREIRA','M','S',NULL,6,7),
 (131,'CHARLES','CHAPADA','S','(92) 9153-9740','2009-03-08 00:00:00','1985-05-03 00:00:00','dinha_ch@yahoo.com.br','AVN DARCY VARGAS, CONJ TOCANTINS II, BL 13B, AP 305','','','','DILCE FERREIRA DE CASTRO','S','','1','DIVALDA RAMOS HONORIO','MANVAL PERREIRA RAMOS','F','S',2,1,17),
 (132,'DIVALDA','CHAPADA','S','(92) 9132-5616',NULL,'1983-11-19 00:00:00','charleshonorio@gmail.com','AVN DARCY VARGAS, CONJ TOCANTINS II, BL 13B, AP 305','','','','VANEIDE DA SILVA MONTEIRO','S','FAMILIA TODA','1','CHARLES DA SILVA HONORIO','ANTONIO DE OLIVEIRA HONORIO','M','S',2,1,56),
 (133,'DIVALDA','CHAPADA','S','',NULL,'2011-01-10 00:00:00',NULL,'AVN DARCY VARGAS, CONJ TOCANTINS II, BL 13B, AP 305','','','MUSICA','DIVALDA HONORIO','S','','1','GUILHERME RAMOS HONORIO','CHARLES HONORIO','M','S',NULL,NULL,NULL),
 (134,'FRANCISCO PEREIRA 9972-2679','CIDADE NOVA 1','S','(92) 9115-1007','1987-09-27 00:00:00','1957-11-02 00:00:00','AIRTONSDSOUZA@HOTMAIL.COM','RUA TAMOIOS (GUAPIRAMA), 109, ','(92) 8823-3640','(92) 3641-2354','DISPONIVEL','MARIA SILVA DE SOUZA','S','NORA SIMONE, DANIELLE, DAYANE','1','AIRTON SILVA DE SOUZA','LEOCADIO RODRIGUES DE SOUZA','M','S',43,10,5),
 (135,'','PARQUE SHANGRILA','S','(92) 8814-2089',NULL,'1961-10-30 00:00:00','higson.mo@hotmail.com','RUA B, Nº 12, ','','','','','S','','1','HIGSON MACEDODE OLIVEIRA','','M','S',NULL,10,5),
 (136,'AIRTON','CIDADE NOVA 1','S','(92) 9972-2679','1963-06-20 00:00:00','1949-06-17 00:00:00','JWP7334@HOTMAIL.COM','RUA FORTALEZA, N. 30, QD 4 - CAMPO DOURADO','','','DESBRAVADORES','MARIA DO CARMO NOGUEIRA DE SOUZA','S','ESPOSA VALDA MARIA WITAL, E FILHOS','1','FRANCISCO NOGUEIRA PEREIRA DE SOUZA','FRANCISCO PEREIRA DE SOUZA','M','S',NULL,6,5),
 (137,'EDGAR ','NOVA CIDADE','S','(92) 9162-2743','1997-01-07 00:00:00','1982-11-11 00:00:00','tainagp@gmail.com','RUA CARAVAGIO, Nº 8','','','','MARIA LUZENILDA FERREIRA GUIMARAES','S','ESPOSO','1','TAINA GUIMARAES PINHEIRO','TOME DE SOUZA PINHEIRO','F','S',6,NULL,28),
 (138,'RUBENS RAMOS GONSALVEL','CIDADE DE DEUS','S','(92) 9139-3516',NULL,'1965-07-26 00:00:00','lcs.feijao@gmail.com','RUA SANTO ANTONIO, Nº 561','','','QUALQUER UM','ROSA DE LIMA SILVA FEIJAO','S','','2','LUIZ CARLOS SILVA FEIJAO','JOAQUIM FIGUEREDO FEIJAO','M','S',22,12,5),
 (139,'EZIO JEFERSON LADISLAU','CIDADE NOVA 2','N','(92) 9222-4245',NULL,'2006-05-28 00:00:00','ELIAMARALADISLAU@HOTMAIL.COM','RUA 47 N.73 QUADRA 177 NÚCLEO 5','','(92) 3641-4152','','ELIAMARA LADISLAU NUNES','S','','10','LORENA NUNES DE ARAUJO','EDSON MENESES DE ARAUJO','F','S',NULL,NULL,5),
 (140,'','CIDADE NOVA 5','S','(92) 9421-8129',NULL,'1998-11-24 00:00:00',NULL,'RUA 223, CASA 17, NUCLEO 22','','','','MARY TANIA DA COSTA GUIMARAES','S','','1','GABRIEL DA COSTA GUIMARAES','JOSE AURIBERTO GUIMARAES','M','N',NULL,NULL,4),
 (141,'MARY TANIA DA COSTA GUIMARAES','CIDADE NOVA 5','S','',NULL,'1997-04-03 00:00:00',NULL,'RUA 223, CASA 17, NUCLEO 22','','','','MARY TANIA DA COSTA GUIMARAES','S','','1','LUCAS DA COSTA GUIMARAES','JOSE AURIBERTO GUIMARAES','M','N',NULL,NULL,4),
 (142,'','CIDADENOVA I','S','(92) 9270-3027','2006-04-29 00:00:00','1966-10-04 00:00:00','yedalitaiff@hotmail.com','RUA SACIARA, Nº 19','','','recepcionista e diaconisa','DACLE LITAIFF DE SOUZA','S','ESPOSO, FILHOS E NETO','1','YEDA CRISTINA LITAIFF DE SOUZA MENEZES','JOAO BIZERA DE SOUZA','F','S',33,NULL,5),
 (143,'','CIDADENOVA I','S','(92) 9157-6485','2006-04-29 00:00:00','1966-12-20 00:00:00',NULL,'RUA SACIARA, Nº 19','','','','MARIA RITA ','S','ESPOSA','1','ROBERTO KENEDY BARROS DE MENEZES','ANTONIO MENEZES','M','S',33,NULL,NULL),
 (144,'ANA GLEICY BRITO DE OLIVEIRA','CIDADENOVA I','S','(92) 9114-1738','2012-09-29 00:00:00','2001-11-11 00:00:00',NULL,'RUA CANAMARI,N?7 19,QUADRA 73','','','','ANA GLEICY BRITO DE OLIVEIRA','S','','1','CRISTIANA OLIVEIRA DE BRITO','EDMILTON PERREIRA DE BRITO','F','N',1,2,4),
 (145,'ANA GLEICY BRITO DE OLIVEIRA','CIDADENOVA I','N','(92) 9114-1738',NULL,'2004-06-13 00:00:00',NULL,'RUA CANAMARI,N?7 19,QUADRA 73','','','','ANA GLEICY BRITO DE OLIVEIRA','S','','10','RAIMUNDO PONTE DE BRITO NETO','EDMILTON PENHEIRO DE BRITO','M','N',NULL,2,4),
 (146,'','CIDADENOVA I','N','(92) 9114-1738',NULL,'2007-07-28 00:00:00',NULL,'RUA CANAMARI,N?7 19,QUADRA 73','','','','ANA GLEICY BRITO DE OLIVEIRA','S','','10','GEOVANA OLIVEIRA DE BRITPO','EDMILTON PENHEIRO DE BRITO','F','N',NULL,2,4),
 (147,'YURI LIMA, MILENE CRISTIAN','CIDADE NOVA 1','S','(92) 9202-0681','2011-11-27 00:00:00','1994-03-19 00:00:00','NARIANE61@GMAIL.COM','RUA FLORIDA, N. 6, QD 73','','(92) 8166-0023','DESBRAVADORES, NOVA EXPRESSÃO','CYNTHIA MARIA LOPES DOS SANTOS','S','','1','NARIANE LARISSA SANTOS DE SOUZA','NADÚ NOBERCK SANTOS DE SOUZA','F','N',1,16,4),
 (148,'NARIANE SOUZA','CIDADE NOVA 1','S','(92) 9477-8361','2011-04-30 00:00:00','1994-11-13 00:00:00','YURIROBERTLIMA@GMAIL.COM','RUA FLORIDA, 10,','','(92) 3221-6706','DESBRAVADORES, NOVA EXPRESSÃO','IVETE MONTEIRO DOS REIS LIMA','S','','1','YURI ROBERT MONTEIRO DOS REIS LIMA','GILBERTO DE SANTANA LIMA','M','N',1,16,38),
 (149,'EDUARDO','CIDADENOVA I','S','(92) 8816-9584','2012-11-24 00:00:00','1976-02-11 00:00:00','j.augusto_cbf@hotmail.com','AVN MAX TEXEIRA','','','PROFESSORA DE ESCOLA SABATINA','NELY RODRIGUES DA CUNHA','S','','1','JOSE AUGUSTO CORDEIRO BARATA FILHO','JOSE AUGUSTO CORDEIRO BARATA','M','S',NULL,NULL,5),
 (150,'ADNELSON ','PONTA NEGRA','S','(92) 9207-1798',NULL,'1977-02-19 00:00:00',NULL,'AVN CORONEL TEXEIRA, Nº 4080','','','','FRANCISCA LARCEDA DA ROCHA','S','ESPOSO','1','MAEME ROCHA','DESTRINO INACIOD ROCHA','F','S',NULL,NULL,4),
 (151,'ROBSON CLAUDEMIR VALTER','CIDADE NOVA 1','S','(92) 9147-5571','2012-09-29 00:00:00','1983-03-17 00:00:00',NULL,'RUA FORTALEZA, 23 - CAMPO DOURADO','','(92) 9421-8702','ESTUDOS BÍBLICOS','MARIA DE FÁTIMA BRITO DOS SANTOS','S','FRANCILENE, JHULY FANTINI','1','JARDEL BRITO DOS SANTOS','JOSÉ PEREIRA DOS SANTOS','M','S',1,1,4),
 (153,'JARDEL, VALTER, EDINELSON','CIDADE NOVA 1','S','(92) 9421-8702','2012-09-29 00:00:00','1971-11-03 00:00:00',NULL,'RUA FORTALEZA, 23 - CAMPO DOURADO','','(92) 9147-5571','ESTUDOS BÍBLICOS','CLONICE DE OLIVEIRA MENDES','S','JARDEL, JHULY','1','FRANCILENE DE OLIVEIRA MENDES','JOSÉ FRANCISCO MENDES','M','S',1,1,17),
 (154,'WALTER','CIDADE NOVA II','S','',NULL,'1986-10-11 00:00:00',NULL,'RUA BOM JESUS, Nº 6','','','','MARIA BRITO DA SILVA','S','','1','KELLIANE MONTEIRO DE OLIVEIRA ','ERMEGILDO RODRIGUES DE OLIVEIRA','F','S',NULL,1,4),
 (155,'WALTER','CIDADE NOVA II','S','(92) 9162-9279',NULL,'1957-03-30 00:00:00',NULL,'RUA BOM JESUS, Nº 6','','','','MARIA LOPES DE OLIVEIRA','S','','1','MARIA DO SOCORRO OLIVEIRA','ERMEGILDO RODRIGUES DE OLIVEIRA','M','S',NULL,1,17),
 (156,'JARDEL 91475571','CIDADE NOVA 1','S','(92) 9147-5571','2012-09-29 00:00:00','2004-04-26 00:00:00',NULL,'RUA FORTALEZA, 23 - CAMPO DOURADO','','(92) 9421-8702','CORAL','FRANCILENE DE OLIVEIRA MENDES','S','PAI E MAE','1','JHULY FANTINI MENDES DOS SANTOS','JARDEL BRITO DOS SANTOS','M','N',1,1,4),
 (157,'VANESSA 93634628','CIDADE NOVA I','S','(92) 9441-3011','2011-01-01 00:00:00','1999-07-22 00:00:00','amanda.taranto@gmail.com','RUA CANARIO N 38','','(92) 3223-1820','','CLAUDIA','S','PAI E MAE','1','AMANDA RACHEL TARANTO','ANDERSON','F','N',1,NULL,4),
 (158,'JANIO','MANOA','S','(92) 8219-5368','2000-02-26 00:00:00','1967-03-01 00:00:00',NULL,'RUA 18, CASA 194, ','(92) 9616-9407','','COORDENADOR DE PEUQENOSGRUPOS','SEBASTIANA RAMOS GONSALVES','S','','1','RUBEM RAMOS GONSALVES ','ADRIANO GONSALVES','M','S',NULL,19,30),
 (159,'RUBENS','CIDADE NOVA I','S','(92) 9449-8855','2005-09-17 00:00:00','1957-11-04 00:00:00',NULL,'RUA CANARIO N 38','','(92) 3223-1820','ESCOLA SABATINA','AZUREA','S','ESPOSA E FILHA','1','ANDERSON TARANTO','ORLANDO','M','S',23,NULL,8),
 (160,'TANIA 94227983','CIDADE NOVA I','S','(92) 8227-3721','2000-12-09 00:00:00','1972-06-25 00:00:00','clautaranto@gmail.com','RUA CANARIO N 38 ','(92) 3223-1820','(92) 3223-1820','secretaria e recepçao','RACHEL','S','FILHO E MARIDO  E FILHA','1','CLAUDIA REGINA TARANTO ','CLAUDIO JOSE','F','S',NULL,NULL,17),
 (161,'DANIEL PINTO DE BARROS','CIDADENOVA I','S','(92) 9140-6137',NULL,'1952-01-16 00:00:00',NULL,'RUA 05, CASA 113, RENATO SOUZA PINTO','','','','MARIA DE LOURDES A. PINTO','S','','1','MARIA DAS GRACAS PINTO BARROS','ALBERTO RIBEIRO PINTO','F','S',2,NULL,17),
 (162,'WALTER VALE DA CRUZ','CIDADE NOVA II','S','(92) 9358-4159','2012-09-16 00:00:00','2001-03-21 00:00:00','josielson.junior@hotmail.com','RUA 121 CASA 45 B NUCLEO 11','','(92) 3223-0729','DIACONO ','ZILA LIRA DA CRUZ','S','TODOS','1','JOSIELSON FELIX MUNIZ','WALTER VALE DA CRUZ','M','N',1,1,4),
 (163,'JESSE','NOVA CIDADE','S','(92) 9142-4098',NULL,'1979-08-29 00:00:00','halleyhelga@hotmail.com','RUA BOTISUANA,Nº 6, QUADRA 81','','','DIACONO','DOMINGAS SILVA ROCHA','S','ESPOSA','1','HALLEY SILVA ROCHA','GABRIEL RODRIGUES BIZERRA ROCHA','M','N',NULL,NULL,49),
 (164,'MAE E PAI','CIDADE DE DEUS','S','(92) 9246-0367','2012-10-27 00:00:00','2002-02-10 00:00:00',NULL,'RUA GENEZARE CONJUNTO BEM HUR 4','(92) 9246-0362','(92) 3582-1753','','MARIZETE WANDERLEY ','S','PAI,  MAE , IRMA','1','GABRIEL WANDERLEY TAVARES','ALESSANDRO DE LIMA TAVARES ','M','N',1,1,4),
 (165,'JESSE','NOVA CIDADE','S','(92) 8216-2201',NULL,'1981-06-25 00:00:00','halleyhelga@hotmail.com','RUA BOTISUANA,Nº 6, QUADRA 81','','','','MARIA DAS GRACAS','S','ESPOSO','1','GRACYLMA ARAUJO GUIMARAES','ALCIMARIO','F','N',NULL,NULL,4),
 (166,'ELIMARA','CIDADE NOVA I','S','(92) 9301-2729',NULL,'1991-08-31 00:00:00','mend_am@hotmail.com','RUA 47, Nº 73, NUCLEO 5','(92) 3641-5112','','','','N','AVO, MAE E TIO','1','PABLO NUNES MENDONCA','','M','S',NULL,NULL,NULL),
 (167,'92327798','TARUMA','S','(92) 9230-2731',NULL,NULL,'neiaesanto@yahoo.com.br','RUA DO AREAL 177 TARUMA ','','','MINISTERIO DA MUSICA','TELENEIA DOS SANTOS MACHADO','S','','1','FRANCISNEIA DOS SANTOS MACHODA','FRANCISCO DE SOUZA MACHADO','M','N',NULL,NULL,5),
 (168,'PAI E MAE','CIDADE NOVA ','N','(92) 9147-9532',NULL,'2006-11-14 00:00:00',NULL,'AV MAX TEIXEIRA 3705','','','','MARIA DEURANICE RIBEIRO CRUZ','S','TODOS ','10','ANA ELYZE RIBEIRO CRUZ','WALDINEY LIRA DA CRUZ','F','N',NULL,1,4),
 (169,'SANDRA LABORDA','MUNDO NOVO','S','(92) 9163-3910',NULL,'1969-06-15 00:00:00',NULL,'RUA SAO MARCELINO, Nº 18','','','DIACONISA E RECEPCIONISTA','MARIA MOREIRA DA SILVA','S','EDILIO MENDES DE CARVALHO','1','MARIA DE LOURDES MOREIRA MENDES','ALFREDO PEDRO DA SILVA','F','S',1,6,11),
 (170,'','CIDADE NOVA','N','(92) 9147-9532',NULL,'2008-04-30 00:00:00',NULL,'AV MAX TEIXEIRA 3705','','','','MARIA DEURANICE RIBEIRO DA CRUZ','S','','10','THABYTA NOELY RIBEIRO CRUZ','WALDINEY LIRA DA CRUZ','F','N',NULL,1,4),
 (171,'AMANDA, CLAUDIA, ANDERSON','CIDADENOVA I','N','',NULL,'2007-10-05 00:00:00',NULL,'RUA CANARIO, Nº 38','','','','CLAUDIA','S','','10','PHELIPE TARANTO','ANDERSON ','M','N',NULL,NULL,4),
 (172,'PAULO GUIMARAES','NOVO ISRAEL','S','(92) 9240-0794','2000-02-15 00:00:00','1954-07-13 00:00:00','paulino.adelson@hotmail.com','RUA VISTA BELA, Nº 22','','','DIACONO','BEATRIZ GOMES DA SILVA','S','','1','ADELSON PAULINO DE SOUZA','MARIO PAULINO DA SILVA','M','S',NULL,NULL,47),
 (173,'','FLORE','S','(92) 9103-7204',NULL,'1986-03-12 00:00:00','socorro_adv@hotmail.com','RUA VITORIA, Nº 16 A','','','','DAUCIRIA DINIZ PEREIRA','S','','1','SOCORRO DINIZ PEREIRA','RAIMUNDO PEREIRA','F','S',16,NULL,49),
 (174,'','CIDADE NOVA II','S','(92) 9142-0781','2004-11-11 00:00:00','1994-09-08 00:00:00','karolgomes.costa@hotmail.com','RUA 36 N 02 NUCLEO 3 ','','','','CARLINA RODRIGUES GOMES','S','','1','KAROLINY GOMES DA COSTA ','PEDRO JOSE OLIVEIRA DA COSTA ','F','S',4,NULL,4),
 (175,'','CIDADE NOVA','S','(92) 8122-0193','2000-09-30 00:00:00','1973-01-14 00:00:00','macionilia.judiss@gmail.com','RUA MACAPA, Nº 96, NUCLEO 8','','','','','S','meus filhos e esposo','1','MACIONILIA VIANA JUDISS','','F','S',3,NULL,NULL),
 (177,'','PARQUE 10','S','(92) 9417-5189','2007-07-07 00:00:00','1993-10-24 00:00:00','lana_unasp@hotmail.com','RUA BURITI, Nº 71','','','','MARIA LUCIA DA SILVA','S','TODA A FAMILIA','4','LANA ARAUJO DE SOUZA','','F','S',6,NULL,44),
 (178,'WALTER VALE','REDSENCIAL PONTA NEGRA','S','(92) 8141-8999',NULL,'1969-04-08 00:00:00','adnelson-medeiros@bol.com.br','AVN CORONEL TEXEIRA, Nº 4080','(92) 9224-0676','','','RAIMUNDA NONATA MEDEIROS DE LIMA','S','ESPOSA ','1','ADNELSON MEDEIROS DE LIMA ','PEDRO ALVES DE LIMA','M','S',19,1,6),
 (179,'CLEDINEIA FROTA','CIDADE NOVA I','S','(92) 9357-7774','2010-10-25 00:00:00','1964-10-14 00:00:00','markyn.chagas@sonydadc.com','RUA TAMOJOS 76','(92) 2121-8504','','','ROMILDA RIBEIRO CHAGAS','S','03','1','MARKYN RIBEIRO CHAGAS ','JOSE CHAGAS','F','S',2,6,25),
 (180,'','CIDADE NOVA I','N','',NULL,'2009-10-10 00:00:00',NULL,'','','','','NATALY DAMARES SANTOS NASCIMENTO','S','PAI MAE AVOS TIOS','10','NICOLLE DAMARES SANTOS NASCIMENTO','DARLAN ANDREI LEMOS NASCIMENTO','F','N',NULL,18,NULL),
 (181,'','RIACHO DOCE II','S','(92) 8166-2173',NULL,'1956-02-01 00:00:00',NULL,'RUA FABIO LUCENA N 71','','','','RAIMUNDA DANTAS DE ARAUJO','S','MAE PAI E IRMA','1','MARINETE DANTAS DE ARAUJ0','LORIVAL FONCESCA','F','N',NULL,NULL,NULL),
 (182,'','CIDADE NOVA I','N','(92) 9314-4433',NULL,'2000-07-16 00:00:00','gabrielaribeiro_1@hotmail.com','OSVALDO FROTA I Q 36 R14 C14','','','SECRETARIA DA ESCOLA SABTINA','SANDRA MARCIA P. DE BRITO','N','','10','GABRIELA BRITO RIBEIRO','ANDREI MICHEL O. ALBUQUERQUE','F','N',NULL,NULL,NULL),
 (183,'WALTER VALE','MULTIRAO','S','(92) 9112-6780','2009-10-30 00:00:00','1982-12-30 00:00:00','gival.ramos@bol.com.br','RUA 121 N 07','','','MINISTERIO PESSOAL','','S','ESPOSA','1','GIVAL RAMOS ','','M','S',2,1,28),
 (184,'','AMAZONINO MENDES','S','(92) 8835-3902','2010-04-25 00:00:00','2000-08-21 00:00:00',NULL,'RUA RAMOS 75 C','','(92) 3223-7076','','ANA MARIA CARVALHO DA SILVA','S','8','1','GEOVANE CARVALHO DA SILVA','PAULO ALEXANDRE DA SILVA ','M','N',2,NULL,4),
 (185,'GEOVOVANA GABY','NOVA CIDADE','S','(92) 9263-9322',NULL,'1999-03-05 00:00:00','helmer_araujo@hotmail.com','RUA SECUNDARIA 7 CONJUNTO CIDADAO 7','(92) 9196-1020','(92) 8157-7261','SECRETARIO  DA ESCOLA SABTINA','SARA ARAUJO DE SOUZA ','S','2 IRMAS','1','HELMER ARAUJO RODRIGUES ','ROBERTO RIBEIRO BARBOSA','M','N',18,NULL,4),
 (186,'MAE E PAI','CIDADE NOVA I','S','(92) 9500-9280',NULL,'1998-10-27 00:00:00',NULL,'','','','RECPICIONISTA','MARILYN RIBEIRO CHAGAS','S','NENHUM','1','IGOR CHAGAS DE LIMA ','RUBEM HERCULANO DE LIMA','M','N',2,6,4),
 (187,'IRMA LEDA 9270-3027','MONTE SINAI','S','(92) 9353-5268','2010-04-10 00:00:00','2001-11-18 00:00:00',NULL,'RUA D 29 CASA 3','','','','JANETE VIANA','S','MAE','4','INGRID VITORIA V DE CARVALHO','','F','N',2,15,4),
 (188,'','CIDADE NOVA II','S','(92) 9269-5586',NULL,NULL,NULL,'RUA CURIO, Nº 159, APT 17','','','SECRETRIA DA CLASSE','OZITA DE O SOUZA','S','TODA A FAMILIA ','1','INILEIA DE OLIVEIRA SOUZA','SILAS BATISTA DE SOUZA','F','N',NULL,NULL,31),
 (189,'','CIDADE NOVA','S','(92) 8152-1436','1994-12-25 00:00:00','1982-02-21 00:00:00','jerus2006@hotmail.com','RUA TAVARES N 76','','(92) 9237-7520','DEPARTAMENTO JOVEM','ALICE TORRES DA GAMA','S','QUASE TODOS','1','JERUZA TORRES DA GAMA ','RAIMUNDO ALVES DA GAMA','F','N',24,NULL,37),
 (190,'MAE','CIDADE NOVA I','S','(92) 9254-8372',NULL,'2010-01-25 00:00:00','marciapinheiro1@hotmail.com','R. 14 N:14 Q.36 CONJUNTO AM MEDEIROS','(92) 2126-2934','','','MARCIA PINHEIRO','N','','1','MANUELA DE BRITO CUNHA','FRANCISCO JUNIOR FREITAS NASCIMENTO','F','N',NULL,NULL,NULL),
 (191,'','PARQUE 10','S','(92) 8813-5777',NULL,'1964-07-03 00:00:00','ra.oliveira@yahoo.com.br','RUA B QD C, N 12  SHANGRILA II','(92) 2123-1366','(92) 3646-0273','','ANTONIA ALDIRA ALVES TEIXEIRA ','S','','1','RUTE ALDEMIRA ALVES T. OLIVEIRA ','','F','S',12,NULL,23),
 (192,'','BOAS NOVAS ','S','(92) 9409-1138','2012-10-07 00:00:00','1950-09-05 00:00:00',NULL,'RUA 2 QD 20 N 47','','','QUALQUER UM','MARIA SOUZA SOARES','S','','3','ORLANDO SOAREZ PIMENTA ','BASILIO SOARES PIMENTA','M','S',1,NULL,35),
 (193,'ODNEIA DE ALENCAR','CIDADE NOVA','S','(92) 8141-2913',NULL,NULL,'rosIlane_alencar@hotmail.com','RUA TAMBIARA, Nº 40','','','','ODNEIA DE ALENCAR','S','','1','ROSILANE D. DE ALENCAR BEZERR','RUBENS M. ALENCAR MEDEIROS','F','S',1,NULL,NULL),
 (194,'IR ARAGAO','FLORES','S','(92) 9238-6812',NULL,'1961-12-02 00:00:00',NULL,'AV B 470 MUNDO NOVO FLORES','','(92) 3636-9915','','AMBROSINA  MONTEIRO FERNANDES','S','FILHA','3','MARLVEIA MONTEIRO FERNANDES ','ANTONIO VELOSO FERNANDES','F','S',1,NULL,21),
 (195,'','CIDADE NOVA I','S','(92) 9467-1016','2002-10-28 00:00:00','1958-11-30 00:00:00',NULL,'RUA MATURACA, N º 46','','','','','S','','1','JANIO DE OLIVEIRA SOUZA','','M','S',5,15,18),
 (196,'','CIDADE NOVA','S','(92) 8139-6904','1999-09-26 00:00:00','1966-12-02 00:00:00',NULL,'RUA 40 QD 106-A CASA 12-A','(92) 9308-5111','(92) 3667-0537','','NAIR','S','IRMAO','3','JUAREZ RODRIGUES DE OLIVEIRA','AGREPINO','M','S',NULL,NULL,5),
 (197,'','CIDADE NOVA','S','','2003-04-26 00:00:00','1967-04-06 00:00:00','celineia.gomes@hotmail.com','RUA BEM-TI-VI, Nº 47','','','','GANTINA DE OLIVEIRA GOMES','S','4 PESSOAS','1','CELINEIA GOMES DA SILVA','CARLOS DE SOUZA GOMES','F','S',25,12,17),
 (198,'',' FLORES','S','(92) 9811-8357','2012-11-24 00:00:00','1939-08-02 00:00:00',NULL,'AV B 470 MUNDO NOVO','','(92) 3636-9915','','MARIA ALVES DA SILVA ','S','','3','JOSE ALVES DA SILVA ','MANOEL ALVES DA SILVA ','M','S',1,NULL,8),
 (199,'','CIDADE NOVA','S','(92) 9122-9286','1998-09-22 00:00:00','1970-05-31 00:00:00','arimateia@fmt.am.gov.br','RUA CAETANO FELIX, Nº 5 CIDADE NOVA','(92) 2127-3468','','','HERMINIA DE ALMEIDA PORTELA','S','','4','ARIMATEIA P. AZEVEDO','EDGAR DE EDUARDO DE AZEVEDO','M','S',NULL,14,49),
 (200,'','CIDADE NOVA I','S','(92) 9488-5589',NULL,'1997-03-21 00:00:00','jamile_fontinelly@hotmail.com','RUA MATURORA N 46','','','','ELIZABETH DELGADO FREITAS N','S','PAI E IRMAO','1','JAMILE FREITAS SOUZA ','JANIO DE OLIVEIRA SOUZA ','F','N',NULL,15,4),
 (201,'','CIDADE NOVA I','S','',NULL,'1993-08-20 00:00:00','jarlesson-@hotmail.com','RUA MATURORA N 46','','','','','S','PAI E IRMA','1','JARLESON FREITAS DE O. SOUZA','JANIO DE OLIVEIRA SOUZA','M','N',NULL,NULL,4),
 (202,'','TARUMA','S','','1997-12-27 00:00:00','1961-07-28 00:00:00','junildaarruda@yahoo.com.br','RUA GAIVOTA, Nº 53, VILA DOS PASSAROS','','','SECRETARIA DE CLASSE','RAIMUNDA ABREU DE ARRUDA','S','PATRICIA LIMA RUBIM','1','JUNILDA ARRUDA DE LIMA','PETRONIO PENEDO LIMA','F','S',NULL,13,5),
 (203,'','CIDADE NOVA','S','(92) 8135-2675','1999-06-26 00:00:00','1950-06-07 00:00:00',NULL,'RUA CANARIO, Nº 38','','','','RAIMUNDA SOARES FERNANDES','S','FILHOS, GENRO E NETA','1','RACHEL FERNANDES DA SILVA','VICENTE NEVES FERNANDES','F','S',4,NULL,11),
 (204,'','JORGE TEIXEIRA','S','',NULL,'2002-02-06 00:00:00',NULL,'','','','secretario','JOSSEANE COSTA DA SILVA','S','JOSSEANE JONES','1','JHONES C. SILVA E SILVA ','JONES SERGIO FERRERO','M','N',NULL,NULL,4),
 (205,'FEIJAO','BOAS NOVAS','S','(92) 9366-9299',NULL,'1950-06-17 00:00:00','mariainessantos09@gmail.com','RUA 14, QUADRA 52, CASA 26','','','qualquer um','ROSA G. DOS SANTOS','S','','1','MARIA IRIS G. DOS SANTOS','PEDRO LINHARES SANTOS','F','S',2,12,NULL),
 (206,'ROBSON RAMOS','NS DO PERPETUO SOCORRO','N','(92) 9490-3950',NULL,'1965-02-07 00:00:00',NULL,'RUA FABIO LUCENA N 6','','','','OLGA RAMOS DOS SANTOS','N','CLAUDEMIR RAMOS FERREIRA ','10','JOAO RAMOS FERREIRA ','JOAO FERREIRA DOS SANTOS ','M','S',NULL,5,9),
 (207,'FEIJAO','CIDADE NOVA 5','S','(92) 8821-1895',NULL,'1970-06-13 00:00:00','winston_cruz@bol.com.br','RUA 235, CASA 1, QUADRA 409, NUCLEO 21','(92) 3639-4003','(92) 3641-2984','ANCIAO, DIACONO, PROF. ESCOLA SABATINA, ESTUDO BIBLICO','JOVELINA CRUZ DE SOUZA','S','','1','WINSTON CRUZ DE SOUZA','WELLINGTHON SEBASTIAO DE SOUZA','M','S',10,NULL,22),
 (208,'','CIDADE NOVA II','S','(92) 8128-7512','1994-11-30 00:00:00','1983-07-09 00:00:00','jonasgama83@hotmail.com','RUA OSMARILZA MARTINS N 21','','(92) 3184-9828','DEPARTAMENTO JOVEM','ROSANA GAMA MARTINS ','S','SIM','1','JONAS GAMA MARTINS ','joao batista souza martins ','M','N',NULL,NULL,41),
 (209,'paula','CIDADE NOVA ','N','(92) 8826-7845',NULL,'2000-03-06 00:00:00','larissarebk@hotmail.com','CIDADE NOVA T3 CONJUNTO N 27','','','secretaria','WALCEMIRA MOURA ','N','IRMA PAI MAE','10','LARISSA REBECA MOURA DE ALMEIDA ','HERALDO FELIPE DE ALMEIDA ','F','N',NULL,15,4),
 (210,'DANIEL','MUNDO NOVO','S','(92) 9179-5800','2000-04-11 00:00:00','1988-04-14 00:00:00','georgejd7_@hotmail.com','RUA C, Nº 73, ','','','ministerio da musica','MARIA MIRILENE FERNANDES DANTAS ','S','PAE, MAE E IRMAO','1','JORGE DANTAS DA SILVA','RAIMUNDO ODS SANTOS SILVA','M','N',23,NULL,4),
 (211,'','CIDADE NOVA ','S','(92) 9252-0073',NULL,'1995-06-18 00:00:00',NULL,'RUA 148 Q 271 N 16 CONJ NOVA CIDADE  ','','','','SONIENE CORREA DE SOUZA','S','IRMA E MAE','1','LOURIENE CORREA E SOUZA ','LOURENCO CARNEIRO DE SOUZA ','F','N',NULL,NULL,4),
 (212,'walter','MULTIRAO','S','(92) 9200-5045','2009-10-30 00:00:00','1983-04-17 00:00:00','laurynramos@bol.com.br','RUA 121, Nº 7','','','recepcionista','','S','gival ramos','1','LAURIENE RAMOS','','F','S',NULL,1,17),
 (213,'','','S','(92) 9106-4703','2010-10-30 00:00:00','2002-01-31 00:00:00',NULL,'','','','','JACKLINY DA SILVA MACIEL','S','MAE E AVO','1','MARIA EDUARDO MACIEL COSTA ','DORIVAN P. COSTA ','F','N',1,18,4),
 (214,'','MULTIRAO','N','(92) 9200-5045',NULL,'2009-03-22 00:00:00',NULL,'RUA 121','','','CORAL INFANTIL','LAURIENE RAMOS','N','','10','LETICIA RAMOS','GIVAL RAMOS','F','N',NULL,1,NULL),
 (215,'claudemir ramos','CIDADE NOVA','S','(92) 9257-3036','2012-09-29 00:00:00','2002-06-01 00:00:00','leticiaferreira02@hotmail.com','RUA FABIO LUCENA, Nº 4','','','musica','regiane santos','S','pai','1','LETICIA SANTOS FERREIRA','claudemir ramos ferreira','F','N',1,5,4),
 (217,'ELIZA CAMPOS','CIDADE NOVA','S','(92) 9121-9575','2001-10-07 00:00:00','1964-03-24 00:00:00','m.lucio1@hotmail.com','R 6 N19 A CJ RENATO SOUZA PINTO','','','','MARIA CAMPOS MONTEIRO ','S','ESPOSA','1','MARIO LUCIO CAMPOS MONTEIRO','','M','S',4,11,16),
 (218,'','FLORES','S','(92) 9466-1874','2012-09-16 00:00:00','1992-08-05 00:00:00','xlidianerodriguesx@gmail.com','RUA BOM PASTOR, N?7 47','','','comunicacao, fazer agenda','LILIAN MACIEL RODRIGUES','S','ROSA','1','LIDIANE MACIEL RODRIGUES MELO','','F','S',NULL,NULL,39),
 (219,'NARCISO JUNIOR','P.DAS NACOES ','N','(92) 8133-9448',NULL,'2000-11-18 00:00:00',NULL,'R VENEZUELA N 49','','(92) 3650-1487','','ELIANE','S','','10','MARCOS VINICIUS EULARTE PORTO ','RANY MAGNO','M','N',NULL,NULL,4),
 (220,'JOSUE','FLORES','S','(92) 9153-5384','2006-12-01 00:00:00','1992-07-02 00:00:00','xlidianerodriguesx@gmail.com','RUA BOM PASTOR, N?7 47','','','COMUNICAO E ESCOLA SABATINA','MARILDA DE SOUZA MELO','S','','1','MARCELO BRENDON MELO RODRIGUES','MARCONDE MARTINS RODRIGUES','M','N',NULL,NULL,40),
 (221,'','CIDADE NOVA I','S','(92) 9354-4873',NULL,'1986-08-12 00:00:00','milyguerreiro@hotmail.com','RUA IRITAMA N 54 ','','(92) 3081-2843','departamento jovem','MARIA DO PERPETUO SOCORRO F GUERREIRO','S','3','1','MILENA FERNANDES FERNANDES GUERREIRO ','','F','N',2,24,4),
 (222,'','','S','',NULL,'1993-12-28 00:00:00',NULL,'','','(92) 8803-2791','','','N','','10','MIRLENE RAMOS MARTINS','','F','S',NULL,NULL,NULL),
 (223,'LAZARO ROGERIO P. SEVERINO','CIDADE NOVA','S','(92) 9321-2082',NULL,'1997-10-17 00:00:00','rebeca.seixas@hotmail.com','AVENIDA GUARANAS, Nº 2 D','','(92) 4101-7676','','SUZY ELLEN ROCHA SEIXAS','S','MAE, PAI, IRMAO, TIOS, PRIMOS E AVOS','9','REBECA SEIXAS SEVERINO','LAZARO ROGERIO P. SEVERINO','F','N',NULL,16,46),
 (224,'MINISTERIO PESSOAL','NOVA CIDADE','S','(92) 9179-9144','2002-12-31 00:00:00','1970-07-24 00:00:00','lourencopalestra@gmail.com','RUA 48, QUADRA 271, CASA 16','','','','RAIMUNDA CARNEIRO DE SOUZA','S','ESPOSA E FILHOS','10','LOURENCO CARNEIRO DE SOUZA','JOSE GOMES DA SILVA','M','S',NULL,NULL,NULL),
 (225,'JANE','PARQUE DAS NACOES','S','(92) 9303-5883','2000-10-13 00:00:00','1950-07-17 00:00:00','izabeths@hotmail.com','RUA NORUEGA, Nº 546','(92) 8115-3958','','MINISTERIO DA MULHER E DESBRAVADORES','IZABEL PINTO DA FONSECA','S','','8','IZABETH FONSECA DOS SANTOS','ATALICIO AGNOVEL DA FONSECA','F','S',5,NULL,37),
 (226,'AIRTON','CIDADE NOVA I','S','(92) 8809-5853','1987-09-26 00:00:00','1960-05-08 00:00:00','norasimone@hotmail.com','RUA TAMOIOS, Nº 109','(92) 3641-2354','','','ISAURA SILVA COSTA','S','ESPOSO E FILHAS','1','NORA SIMONE COSTA DE SOUZA','RAIMUNDO NONATO MENDES DA COSTA','F','S',43,10,38),
 (227,'KATIA 93174776','CIDADE NOVA II ','S','(92) 9170-2997',NULL,'1995-09-24 00:00:00','bybydela_@hotmail.com','R.121  NUCLEO 11','','(92) 3223-0729','comunicação','ZILA LIRA DA CRUZ','S','TODOS ','8','BIANCA SILVA DA CRUZ','WALTER VALE DA CRUZ FILHO','F','N',4,1,5),
 (228,'','NOVA CIDADE  CONJUNTO CIDADAO ','S','(92) 9347-9472','2011-03-27 00:00:00','1990-02-15 00:00:00',NULL,'RUA 220 QD 326 N 14','','','','','S','TODOS','1','JOAO FREITAS DA SILVA ','','M','S',NULL,NULL,NULL),
 (229,'','PRASSA 14','S','',NULL,'2011-01-19 00:00:00',NULL,'','','','PROFESSORA DO ROL','','S','','1','RHADASSA VITÓRIA C MENDONÇA','','M','S',NULL,NULL,NULL),
 (230,'ALEXANDRE','AV TORRES','S','(92) 9106-3731',NULL,NULL,'rnpalmeida@gmail.com','R.KIOTO Q. K L 11 AP C JR ORIENTE','','','','alzira pinheiro de almeida','S','3 FILHOS','1','RAIMUNDO NONATO PINHEIRO DE ALMEIDA','waldetario pinheiro de almeida','M','S',NULL,31,2),
 (231,'','','S','','1987-10-26 00:00:00','1974-07-26 00:00:00',NULL,'RUA PARANGA A/6 Q 1','','','ROU DO BERCO ','','S','','1','ROSANA DE JESUS ORDON ','','M','S',NULL,NULL,NULL),
 (232,'','CIDADE NOVA','S','(92) 9272-9728',NULL,'1986-02-04 00:00:00',NULL,'RUA 14 N. Q 36 AMERICO MEDEIRO','','','','ROSANGELA QUARDALUPE OLIVEIRA','N','','10','NEYMAR QUARDALUPÉ DA SILVA','FRANSISCO BERNADO DA SILVA','M','S',NULL,31,31),
 (233,'IRMA AUREA','','N','(92) 9257-5182',NULL,'1954-06-05 00:00:00',NULL,'R.INAJA N 06 ','','','','','N','','1','LUAMAR DELGADO','','F','N',NULL,31,NULL),
 (235,'','CIDADE NOVA IIIII','S','',NULL,'2010-02-28 00:00:00',NULL,'AV RAMOS Q 75C ','','','ROL DO BERÇO','ANA MARIA CARVALHO DA SILVA','S','','1','GABRIEL ALEXANDRE CARVALHO DA SILVA ','PAULO ALEXANDRE DA SILVA','M','N',NULL,NULL,NULL),
 (236,'','RANCISCA MENDES ','N','',NULL,'1979-04-25 00:00:00','ELAINE.23.PINHEIRO@YHAOO.COM.BR','RUA 11 CASA 5 Q 4B','','','ROL DO BERCO ','','S','','1','MARIA LUIZA P. DE BRITO MORAIS','','M','N',NULL,NULL,NULL),
 (237,'','CIDADE NOVA IIIII','N','(92) 9238-2331',NULL,'1968-07-17 00:00:00',NULL,'AV.RAMOS D 75C','','','ROL DO BERÇO','ROSA ARAU DE CARVALHO','S','','10','ANA MARIA CARVALHO DA SILVA','FRANCISCO CHAGAS DE CARVALHO','F','S',2,NULL,NULL),
 (238,'','CIDADENOVA I','S','(92) 9254-8372',NULL,'1979-07-18 00:00:00','MARCIA.PINHEIRO1@HOTMAIL.COM','RUA 14 N 14 Q 36 CONJ. AM .MEDEIROS ','(92) 2126-2934','','','SANDRA  MACIA PINHEIRO DE BRITO','S','TODOS','1','MARCIA PINHEIRO DE BRITO ','RAIMUNDO PONTES DE BRITO','F','S',4,NULL,NULL),
 (239,'','COL TERRA NOVA','S','',NULL,'1974-11-10 00:00:00','cynirafernandes@hotmail.com','R. OUCHUA 25','','','','maria FERNANDES DOS SANTOS','S','','4','CYNIRA FERNANDES MENDES DE OLIVEIRA','roberto ferreira dos santos ','F','S',NULL,NULL,NULL),
 (240,'','CIDADE NOVA I','N','(92) 8419-4757',NULL,'2010-10-14 00:00:00',NULL,'R.PURANGA N 6 ','','','ROL DO BERÇO','ROSANE DE J.ORDONES','S','IRMA, TIA E MAE','1','JULIANE ORDONES SANTOS ','CELSO TRINDADE SANTOS','F','N',NULL,NULL,NULL),
 (241,'','CIDADE NOVA I','S','(92) 8183-3667','1983-05-25 00:00:00','1960-11-22 00:00:00','WALDENIZAMACHADO@YALOO.COM.BR','RUA GUAPO N 38 ','(92) 3645-2203','(92) 2121-6456','','MARIA ONIZA LIMA MACHADO ','S','TODOS','1','WALDENIZA WACHADO DE ALENCAR','WALTER MACHADO ','F','S',NULL,NULL,37),
 (242,'MOISÉS CORREA AÚREA','CIDADE NOVA','S','(92) 8197-4593','1996-09-29 00:00:00','1981-03-31 00:00:00','TEREZ.ADV@HOTMAIL.COM','RUA 1 NAJÁ N. 06 QUARTO O2','','','','MARIA DE SOUSA','S','','2','TERESINHA ALVES DE SOUSA','FRASISCO MATIAS DE SOUSA ','F','S',NULL,31,NULL),
 (243,'','CIDADE NOVA I','S','(92) 9122-5358','2002-10-22 00:00:00','1945-09-06 00:00:00',NULL,'RUA SACIARA Q 13 C 09 C.','','','','MARIA GOMEO DA SILVA','S','FILHA','1','MARIA AURIA RIBEIRO','JOSE MELQUIADEF DA SILVA','F','S',30,31,17),
 (244,'JOSE ALBERICO PASSOS BARBOSA','JORGE TEIXEIRA ','S','(92) 8149-7812','1970-09-26 00:00:00','1960-01-03 00:00:00','alzirene.barboza@gmail.com','AV BREG HILARIO GURJAO','(92) 2127-1537','(92) 3681-1377','todos','LUZIA DA SILVA CAÇOTE','S','TODOS','1','MARIA ALZIRENE DA SILVA CAÇOTE','ANCHESES DA CUNHA CAÇOTE','F','S',NULL,4,25),
 (245,'','MUNDO NOVO ','S','(92) 8274-3408','2006-04-16 00:00:00','1956-05-17 00:00:00',NULL,'RUA 04 N 06 ','','(92) 3581-0140','DIACONO','JOSEFA FERREIRA MACIEL','S','TODOS','1','JOSE FIRMINO MACIEL ','JOSEPAULINO FIRMINO ','M','S',NULL,NULL,30),
 (246,'','RENATO SOUSA PINTO','S','(92) 9121-9575',NULL,'2011-10-09 00:00:00','M.LUCIO1@HOTMAIL.COM','RUA 6 N 19 A ','','','ROL DO BERCO','BRUNA SALES MONTEIRO','S','SIM PAI E MAE','10','LUIS FELIPE SALES MONTEIRO','MARIO LUCIO CAMPOS MONTEIRO','M','S',NULL,NULL,NULL),
 (247,'JOSE ALBERICO PASSOS BARBOSA','JORGE TEIXEIRA','S','(92) 8114-0718','1966-12-13 00:00:00','1954-10-29 00:00:00',NULL,'AV. BRIG HILARIO GURJAO','','(92) 3681-1377','DIACONO','ALICE PASSOS BARBOSA','S','TODOS ','1','JOSE ALBERICO PASSOS BARBOSA','AMERICO MARQUES BARBOSA','M','S',7,4,25),
 (248,'','CIDADE NOVA1','N','(92) 9112-4437',NULL,'2011-05-14 00:00:00','luaragao82@hotmail.com','RUA 22 N. 30 CONJUNTO BOAS NOVAS','','(92) 8816-4871','PROFESSOR DO ROL','LUCIANA SOUSA ARAGÃO NOGUEIRA','S','','10','MARIA LAUJE CAMPOS ARAGÃO NOGUEIRA','ALDEMAR NOGUEIRA BATISTA','F','N',NULL,NULL,49),
 (249,'','NOVA CIDADE','S','(92) 9422-3281','2011-03-27 00:00:00','1059-02-20 00:00:00',NULL,'RUA 22O QD 326 N 14','','','','','S','TODOS','1','RAIMUNDA NONATA COSME','','M','S',1,NULL,17),
 (250,'','MONTE PASQUAL','S','(92) 9201-3914','2005-09-24 00:00:00','1994-05-11 00:00:00','REGINALDOENGQUIMICO@GMAIL.COM','RUA ARAÇASEIRZEIRO 17','','(92) 3308-9860','MINISTERIO DA MUSICA','MARIA LUIZA DA SILVA MELO','S','','2','REGINALDO LYNNYKER M. DA SILVA','REGINALDO CELESTINO DA SILVA','M','S',NULL,NULL,4),
 (251,'','CIDADE NOVA I','S','(91) 9126-8749','2010-12-25 00:00:00','1975-05-13 00:00:00',NULL,'RUA SACIARA','','','','ZENAIDE COMAPA','S','','3','ELAINE PEREIRA ','ELIZELL COMAPA ','M','S',1,31,NULL);
INSERT INTO `cent_membro` (`mem_id`,`amigo_contato`,`bairro`,`batizado`,`celular`,`data_batismo`,`data_nascimento`,`email`,`endereco`,`fone_comercial`,`fone_residencial`,`interesse`,`mae`,`membro_igreja`,`membros_batizado_familia`,`modo_conversao`,`nome`,`pai`,`sexo`,`tem_filho`,`past_id`,`peq_id`,`pro_id`) VALUES 
 (252,'','JORGE TEIXEIRA','S','(92) 8114-0724','1989-10-17 00:00:00','1989-10-17 00:00:00','sannecb@hotmail.com','AV BRIGADEIRO HILARIO GURJAO','(92) 2126-9184','(92) 3681-1377','','MARIA ALZIRENE DA SILVA CAÇOTE','S','TODOS','1','ROSANE CAÇOTE BARBOSA','JOSE ALBERICO PASSOS BARBOSA','F','N',NULL,4,26),
 (253,'TEREZINHA','C.NOVA','S','(92) 9463-8242','1988-04-10 00:00:00','1967-04-06 00:00:00','moisesviveiro@bol.com.br','','','','','M DE LOURAES PAULA VIVEIRO','S','01','1','MOISES HENRIQUE VIVEIRA CORREA ','JACYNTO HENRIQUE CORREA ','M','S',NULL,31,NULL),
 (254,'','CIDADE NOVA I','S','(92) 9113-4437',NULL,'1982-12-29 00:00:00','LUARAGAO82@HOTMAIL.COM','RUA 22 N 30 ','','','','ELIZA CAMPOS ARAGAO DA SILVA ','S','TODA A FAMILIA','1','LUCIANA ARAGAO NOGUEIRA ','RAIMUNDO ARAGAO DA SILVA','F','S',NULL,NULL,NULL),
 (255,'','TARUMA ANTURIO BL 2B APT 301','N','(92) 9132-5616',NULL,'1982-05-13 00:00:00','biancaladislau@bol.com.br','R. PRAIA CANO QUEBRADA 262 JARDIM PARAISO','','','canto','MARIA RUBIA LASDILAU PEREIRA','N','','1','BIANCA LADISLAU ABECASSIS','SALOMÃO SOARES ABECASSIS','F','S',NULL,NULL,15),
 (256,'','','S','',NULL,NULL,NULL,'','','','','','S','','1','ADRIANA BRASIL','','M','S',NULL,NULL,NULL),
 (257,'','','N','(92) 8821-1895',NULL,'2008-09-10 00:00:00',NULL,'RUA 235 Q 409 CASA 01 NCL 21','','(92) 3641-2984','','','N','','10','WINSTON CRUZ DE SOUZA JR','','M','S',NULL,NULL,NULL),
 (258,'','PRASSA 14','S','(92) 9162-4738',NULL,'1991-11-11 00:00:00','REBEKA_BEAUTIFULL@HOTMAIL.COM','VISCONDE DE PORTO ALEGRE ','','','PROFESSORES DE CRIANÇAS','','S','','1','REBEKA CASTRO DE MENDONÇA','','F','S',NULL,NULL,NULL),
 (259,'','CIDADE NOVA I','S','(92) 9333-1166',NULL,'1976-12-14 00:00:00',NULL,'AV NPEL NUTLEUS N 07','','','','RAIMUNDA GONCALVES DA SILLVA ','S','04','1','ELISANDRA GONCALVES DA SILVA ','FRANCISUCO RODRIGUES DA SILVA ','M','S',NULL,NULL,NULL),
 (260,'','CO. TERRA NOVA ','N','(92) 9124-8067',NULL,'2010-10-30 00:00:00','CYNIRAFERNANDES@HOTMAIL.COM','RUA QUICHUA / 25','','(92) 3223-0941','ROL DO BERCO ','CYNIRA FERNANDES MENDES DE OLIVEIRA','N','TODOS','10','SOFIA FERNANDES MENDES DE OLIVEIRA','JOSE RUDI GONZOGA DE OLIVEIRA','F','N',NULL,NULL,NULL),
 (261,'','CIDADE NOVA1','S','(92) 9333-1166',NULL,'1968-11-11 00:00:00',NULL,'AVENIDA NOEL NUTEL N.7','','','','RAIMUNDA NUNES','S','ESPOSA E FILHO','1','JOÃO LEONARDO NUNES BRANDÃO','ARCENIO PINTO BRANDÃO','M','S',3,31,55),
 (262,'','NOVA CIDADE V ','S','(92) 9422-3281','2011-03-27 00:00:00','1923-12-16 00:00:00',NULL,'RUA 220 QD 326 N 14','','','','','S','TODOS','1','RAIMUNDA COSME DE FREITAS ','','M','S',1,NULL,8),
 (263,'','CIDADE NOVA 1','S','(92) 9112-4437',NULL,'1986-11-21 00:00:00','MAZINHOWN@GMAIL.COM','RUA 22 N. 5 CONJUNTO BOAS NOVAS','','','','DEUSELINA NOQUEIRA','S','FAMILHA','1','DEVELEOMAR NGUEIRA BATISTA','DEUSDIAS NOGUEIRA BATISTA','M','S',NULL,NULL,22),
 (264,'','','S','(92) 9447-0309','2013-01-12 00:00:00','1975-02-10 00:00:00',NULL,'','','','','maria rosemere freitas','S','','10','CLAUDIANA REITAS ','','F','S',NULL,NULL,NULL),
 (265,'','','S','',NULL,'1974-03-15 00:00:00','rangel.ramos.ferreira@gmail.com','','','','','','S','','1','RANGEL RAMOS FERREIRA','','M','S',1,5,30),
 (266,'','chapada','S','(92) 9217-0615',NULL,'1973-02-17 00:00:00','waldony.fiuza@adventistas.org.br','rua toquatro tapajos n 6740','(92) 8267-9543','','','ester fiuza','S','','8','WALDONY FIUZA','celson fiuza','M','S',NULL,28,60),
 (267,'','chapada','S','(92) 9208-8030',NULL,'1977-05-23 00:00:00','fuizaleilalens@hotmail.com','rua toquatro tapajos n 6740','','','','','S','','8','LEILA LEMZ FIUZA','','F','S',NULL,28,5);
/*!40000 ALTER TABLE `cent_membro` ENABLE KEYS */;


--
-- Definition of table `cent_membro_departamento`
--

DROP TABLE IF EXISTS `cent_membro_departamento`;
CREATE TABLE `cent_membro_departamento` (
  `mem_depart_id` bigint(20) NOT NULL AUTO_INCREMENT,
  `carg_id` bigint(20) DEFAULT NULL,
  `depart_id` bigint(20) DEFAULT NULL,
  `mem_id` bigint(20) DEFAULT NULL,
  PRIMARY KEY (`mem_depart_id`)
) ENGINE=InnoDB DEFAULT CHARSET=latin1;

--
-- Dumping data for table `cent_membro_departamento`
--

/*!40000 ALTER TABLE `cent_membro_departamento` DISABLE KEYS */;
/*!40000 ALTER TABLE `cent_membro_departamento` ENABLE KEYS */;


--
-- Definition of table `cent_pastor`
--

DROP TABLE IF EXISTS `cent_pastor`;
CREATE TABLE `cent_pastor` (
  `past_id` int(11) NOT NULL AUTO_INCREMENT,
  `nome` varchar(100) NOT NULL,
  PRIMARY KEY (`past_id`),
  UNIQUE KEY `past_id` (`past_id`),
  UNIQUE KEY `nome` (`nome`)
) ENGINE=InnoDB AUTO_INCREMENT=45 DEFAULT CHARSET=latin1;

--
-- Dumping data for table `cent_pastor`
--

/*!40000 ALTER TABLE `cent_pastor` DISABLE KEYS */;
INSERT INTO `cent_pastor` (`past_id`,`nome`) VALUES 
 (22,'ADAMOR PIMENTA'),
 (25,'ALIJOFRAM'),
 (7,'ALUIZIO GABRIEL'),
 (4,'ARLINDO PACHECO'),
 (20,'ARMANDO GONDIM'),
 (8,'ARTUR MANSK'),
 (28,'CARLOS BODAS'),
 (2,'CARLOS RIBEIRO'),
 (3,'DAVI RIBEIRO'),
 (9,'DAVID SOARES'),
 (38,'DORCAS'),
 (23,'ELIZEU PONTE DA SILVA'),
 (32,'ESTEVES'),
 (14,'FLAVIO COMPUS'),
 (10,'GILENO'),
 (34,'JOÃO BATISTA'),
 (5,'JOÃO VIEGAS'),
 (18,'JONAS CHOUA'),
 (40,'JORGE PEDROSA'),
 (27,'JOSÉ CLODOALDO'),
 (13,'JOSE DOMINGOS'),
 (41,'JOSE LAGOS'),
 (17,'JOSÉ MARTINS'),
 (33,'KUARUP REIS'),
 (36,'LORIVAL GOMES'),
 (11,'LUIZ FUCKNER'),
 (37,'MACELO COUTRIM'),
 (29,'MARCOS BENTES'),
 (16,'MOISÉS SEIXAS'),
 (44,'MURILO'),
 (30,'NATERCIO UCHOA'),
 (21,'NATERIN'),
 (19,'NILSON'),
 (1,'NOBERTO BRABO'),
 (43,'OTINIEL '),
 (39,'PAULO BRAVO'),
 (12,'RAIMUNDO LIMA'),
 (26,'REBMATI'),
 (15,'ROGELHO ROJAS'),
 (6,'RUBENS FARIAS'),
 (31,'VALTER'),
 (42,'WALCICLEY '),
 (24,'WALDELICIO'),
 (35,'WILL');
/*!40000 ALTER TABLE `cent_pastor` ENABLE KEYS */;


--
-- Definition of table `cent_pequenogrupo`
--

DROP TABLE IF EXISTS `cent_pequenogrupo`;
CREATE TABLE `cent_pequenogrupo` (
  `peq_id` int(11) NOT NULL AUTO_INCREMENT,
  `nome` varchar(100) NOT NULL,
  `anfi_id` int(11) DEFAULT NULL,
  `coord_id` int(11) DEFAULT NULL,
  PRIMARY KEY (`peq_id`),
  UNIQUE KEY `peq_id` (`peq_id`),
  UNIQUE KEY `nome_pequenogrupo_unique` (`nome`),
  KEY `FK_PEQUENO_GRUPO_ANFITRIAO` (`anfi_id`),
  KEY `FK_PEQUENO_GRUPO_COORDENADOR` (`coord_id`),
  CONSTRAINT `FK_PEQUENO_GRUPO_ANFITRIAO` FOREIGN KEY (`anfi_id`) REFERENCES `cent_membro` (`mem_id`),
  CONSTRAINT `FK_PEQUENO_GRUPO_COORDENADOR` FOREIGN KEY (`coord_id`) REFERENCES `cent_membro` (`mem_id`)
) ENGINE=InnoDB AUTO_INCREMENT=35 DEFAULT CHARSET=latin1;

--
-- Dumping data for table `cent_pequenogrupo`
--

/*!40000 ALTER TABLE `cent_pequenogrupo` DISABLE KEYS */;
INSERT INTO `cent_pequenogrupo` (`peq_id`,`nome`,`anfi_id`,`coord_id`) VALUES 
 (1,'PREPARA TE PARA ETERNIDADE',NULL,NULL),
 (2,'MANANCIAL DE BENÇÃO',NULL,NULL),
 (3,'SHALON',NULL,NULL),
 (4,'A VOZ DA ESPERANÇA',NULL,NULL),
 (5,'HERÓIS DA FÉ',6,6),
 (6,'UNIDOS EM CRISTO',NULL,NULL),
 (10,'EL SHADAY',NULL,NULL),
 (11,'JASPE',NULL,NULL),
 (12,'ADONAI',NULL,NULL),
 (13,'REMANESCENTE ',NULL,NULL),
 (14,'LOUVOR E ADORAÇÃO',NULL,NULL),
 (15,'AMIGOS DE JESUS',NULL,NULL),
 (16,'OUVINDO A VOZ DE DEUS',NULL,NULL),
 (17,'APOCALIPSE',NULL,NULL),
 (18,'PEQUENO SAMUEL',NULL,NULL),
 (19,'A ESPERANÇA É JESUS',NULL,NULL),
 (20,'PEQUENO JOSUÉ',NULL,NULL),
 (21,'JOIAS PRECIOSAS',NULL,NULL),
 (22,'PEQUENO GIDEÃO',NULL,NULL),
 (23,'HERDEIROS DO REINO',NULL,NULL),
 (24,'GUARDIÕES DO ADVENTO',NULL,NULL),
 (26,'CORAL JOVEM',NULL,NULL),
 (27,'SEVENTH DAY',NULL,NULL),
 (28,'HERDEIROS DO REI',NULL,NULL),
 (29,'IDE',NULL,NULL),
 (31,'PEDACINHO DO CÉU',NULL,NULL),
 (33,'Test',NULL,NULL),
 (34,'ROSA DE SARON',NULL,NULL);
/*!40000 ALTER TABLE `cent_pequenogrupo` ENABLE KEYS */;


--
-- Definition of table `cent_pergunta`
--

DROP TABLE IF EXISTS `cent_pergunta`;
CREATE TABLE `cent_pergunta` (
  `perg_id` int(11) NOT NULL AUTO_INCREMENT,
  `nome` varchar(255) NOT NULL,
  `status` tinyint(1) DEFAULT NULL,
  PRIMARY KEY (`perg_id`),
  UNIQUE KEY `perg_id` (`perg_id`)
) ENGINE=InnoDB AUTO_INCREMENT=5 DEFAULT CHARSET=latin1;

--
-- Dumping data for table `cent_pergunta`
--

/*!40000 ALTER TABLE `cent_pergunta` DISABLE KEYS */;
INSERT INTO `cent_pergunta` (`perg_id`,`nome`,`status`) VALUES 
 (1,'NUMERO DE MEMBROS PRESENTES',1),
 (2,'QUANTOS ALUNOS ESTUDARAM A LICAO DIARIAMENTE',1),
 (3,'NUMERO DE MATERIAIS MISSIONARIOS DISTRIBUIDOS DURANTE A SEMANA',1),
 (4,'NUMERO DE STUDO BIBLICO REALIZADOS DURANTE A SEMANA',1);
/*!40000 ALTER TABLE `cent_pergunta` ENABLE KEYS */;


--
-- Definition of table `cent_profissao`
--

DROP TABLE IF EXISTS `cent_profissao`;
CREATE TABLE `cent_profissao` (
  `pro_id` int(11) NOT NULL AUTO_INCREMENT,
  `nome` varchar(60) NOT NULL,
  PRIMARY KEY (`pro_id`),
  UNIQUE KEY `pro_id` (`pro_id`)
) ENGINE=InnoDB AUTO_INCREMENT=61 DEFAULT CHARSET=latin1;

--
-- Dumping data for table `cent_profissao`
--

/*!40000 ALTER TABLE `cent_profissao` DISABLE KEYS */;
INSERT INTO `cent_profissao` (`pro_id`,`nome`) VALUES 
 (1,'ANALISTA DE SISTEMAS'),
 (2,'ADVOGADO(A)'),
 (3,'DESEMPREGADO(A)'),
 (4,'ESTUDANTE'),
 (5,'PROFESSOR(A)'),
 (6,'EMPRESÁRIO(A)'),
 (7,'AUTONOMO(A)'),
 (8,'APOSENTADO'),
 (9,'VIGILANTE'),
 (10,'VENDEDOR(A)'),
 (11,'TÉCNICO(A) EM ENFERMAGEM'),
 (12,'TÉCNICO(A) EM SEGURANÇA DO TRABALHO'),
 (13,'TÉCNICO REFRIGERAÇÃO E ELETRICA'),
 (14,'TÉCNICO DE URNA ELETRÔNICA'),
 (15,'ASSISTENTE SOCIAL'),
 (16,'FUNCIONÁRIO(A) PUBLICO FEDERAL'),
 (17,'DONA DE CASA'),
 (18,'COMPORTOR(A)'),
 (19,'CUSTUREIRA'),
 (20,'ESTETICISTA'),
 (21,'COMERCIANTE'),
 (22,'BANCÁRIO'),
 (23,'SUPERVISOR(A) DE VENDAS'),
 (24,'FUNCIONÁRIO PRIVADO'),
 (25,'CONTADOR(A)'),
 (26,'ADMINISTRADOR(A)'),
 (27,'CIRUGIÃO DENTISTA'),
 (28,'PROJETISTA AUTONOMO'),
 (29,'TÉCNICO(A) EM INFORMÁTICA'),
 (30,'MOTORISTA'),
 (31,'INDÚSTRIARIO(A)'),
 (32,'FISIOTERAPEUTA'),
 (33,'PROFESSOR(A) DE EDUCAÇÃO FÍSICA TESTE'),
 (34,'ELETRICISTA'),
 (35,'MESTRE DE OBRAS'),
 (36,'MISSIONÁRIO'),
 (37,'PEDAGOGO(A)'),
 (38,'AUXILIAR ADMINISTRATIVO'),
 (39,'ANALISTA DE RH'),
 (40,'ASSESSOR JURÍDICO'),
 (41,'BIOLÓGO(A)'),
 (42,'MÚSICO'),
 (43,'CONSULTOR(A) EXECUTIVA'),
 (44,'ASSISTENTE ADMINISTRATIVO'),
 (45,'DETISTA'),
 (46,'TÉCNICO(A) AGRICOLA'),
 (47,'FUNCIONÁRIO(A) PÚBLICA'),
 (48,'SOCORRISTA'),
 (49,'ENFERMEIRO (A)'),
 (51,'BIOMÉDICA'),
 (52,'MÉDICO(A)'),
 (53,'PUBLICITARIO(A)'),
 (54,'PUBLICITARIO(A)'),
 (55,'ZELADOR(A)'),
 (56,'ENGENHEIRO(A)'),
 (57,'SECRETARIA'),
 (58,'CONSULTOR(A) EXECUTIVO(A)'),
 (59,'CUSTUREIRA'),
 (60,'PASTOR');
/*!40000 ALTER TABLE `cent_profissao` ENABLE KEYS */;


--
-- Definition of table `cent_questionario`
--

DROP TABLE IF EXISTS `cent_questionario`;
CREATE TABLE `cent_questionario` (
  `quest_id` int(11) NOT NULL AUTO_INCREMENT,
  `nome` varchar(255) NOT NULL,
  `mem_id` int(11) NOT NULL,
  `peq_id` int(11) NOT NULL,
  `saba_id` int(11) NOT NULL,
  `perg_id` int(11) NOT NULL,
  PRIMARY KEY (`quest_id`),
  UNIQUE KEY `quest_id` (`quest_id`),
  KEY `FKF5C3A9FD24A1375E` (`peq_id`),
  KEY `FKF5C3A9FD417EDA29` (`saba_id`),
  KEY `FKF5C3A9FD88BC6E33` (`mem_id`),
  KEY `FK_QUESTIONARIO_PERGUNTA` (`perg_id`),
  CONSTRAINT `FKF5C3A9FD24A1375E` FOREIGN KEY (`peq_id`) REFERENCES `cent_pequenogrupo` (`peq_id`),
  CONSTRAINT `FKF5C3A9FD417EDA29` FOREIGN KEY (`saba_id`) REFERENCES `cent_sabado` (`saba_id`),
  CONSTRAINT `FKF5C3A9FD88BC6E33` FOREIGN KEY (`mem_id`) REFERENCES `cent_membro` (`mem_id`),
  CONSTRAINT `FK_QUESTIONARIO_PERGUNTA` FOREIGN KEY (`perg_id`) REFERENCES `cent_pergunta` (`perg_id`)
) ENGINE=InnoDB DEFAULT CHARSET=latin1;

--
-- Dumping data for table `cent_questionario`
--

/*!40000 ALTER TABLE `cent_questionario` DISABLE KEYS */;
/*!40000 ALTER TABLE `cent_questionario` ENABLE KEYS */;


--
-- Definition of table `cent_sabado`
--

DROP TABLE IF EXISTS `cent_sabado`;
CREATE TABLE `cent_sabado` (
  `saba_id` int(11) NOT NULL AUTO_INCREMENT,
  `data` datetime NOT NULL,
  PRIMARY KEY (`saba_id`),
  UNIQUE KEY `saba_id` (`saba_id`),
  UNIQUE KEY `data` (`data`)
) ENGINE=InnoDB DEFAULT CHARSET=latin1;

--
-- Dumping data for table `cent_sabado`
--

/*!40000 ALTER TABLE `cent_sabado` DISABLE KEYS */;
/*!40000 ALTER TABLE `cent_sabado` ENABLE KEYS */;


--
-- Definition of table `role`
--

DROP TABLE IF EXISTS `role`;
CREATE TABLE `role` (
  `role_id` bigint(20) NOT NULL AUTO_INCREMENT,
  `role_description` varchar(255) DEFAULT NULL,
  PRIMARY KEY (`role_id`),
  UNIQUE KEY `role_description` (`role_description`)
) ENGINE=InnoDB AUTO_INCREMENT=3 DEFAULT CHARSET=latin1;

--
-- Dumping data for table `role`
--

/*!40000 ALTER TABLE `role` DISABLE KEYS */;
INSERT INTO `role` (`role_id`,`role_description`) VALUES 
 (1,'ROLE_ADMIN'),
 (2,'ROLE_USER');
/*!40000 ALTER TABLE `role` ENABLE KEYS */;


--
-- Definition of table `saa_aviso`
--

DROP TABLE IF EXISTS `saa_aviso`;
CREATE TABLE `saa_aviso` (
  `aviso_id` bigint(20) NOT NULL AUTO_INCREMENT,
  `avi_fim` datetime NOT NULL,
  `avi_inicio` datetime NOT NULL,
  `avi_mensagem` varchar(1000) NOT NULL,
  `licenciado_sistema_id` bigint(20) NOT NULL,
  PRIMARY KEY (`aviso_id`),
  KEY `FKA9F6D8C4D2596064` (`licenciado_sistema_id`),
  CONSTRAINT `FKA9F6D8C4D2596064` FOREIGN KEY (`licenciado_sistema_id`) REFERENCES `saa_licenciado_sistema` (`licenciado_sistema_id`)
) ENGINE=InnoDB DEFAULT CHARSET=latin1;

--
-- Dumping data for table `saa_aviso`
--

/*!40000 ALTER TABLE `saa_aviso` DISABLE KEYS */;
/*!40000 ALTER TABLE `saa_aviso` ENABLE KEYS */;


--
-- Definition of table `saa_licenciado`
--

DROP TABLE IF EXISTS `saa_licenciado`;
CREATE TABLE `saa_licenciado` (
  `licenciado_id` bigint(20) NOT NULL AUTO_INCREMENT,
  `lic_cpfcnpj` varchar(14) NOT NULL,
  `lic_nome` varchar(60) NOT NULL,
  PRIMARY KEY (`licenciado_id`),
  UNIQUE KEY `licenciado_id` (`licenciado_id`)
) ENGINE=InnoDB DEFAULT CHARSET=latin1;

--
-- Dumping data for table `saa_licenciado`
--

/*!40000 ALTER TABLE `saa_licenciado` DISABLE KEYS */;
/*!40000 ALTER TABLE `saa_licenciado` ENABLE KEYS */;


--
-- Definition of table `saa_licenciado_sistema`
--

DROP TABLE IF EXISTS `saa_licenciado_sistema`;
CREATE TABLE `saa_licenciado_sistema` (
  `licenciado_sistema_id` bigint(20) NOT NULL AUTO_INCREMENT,
  `lic_sis_numero` varchar(30) NOT NULL,
  `lic_sis_tipo` varchar(1) NOT NULL,
  `lic_sis_validade` datetime DEFAULT NULL,
  `licenciado_id` bigint(20) NOT NULL,
  `sistema_id` bigint(20) NOT NULL,
  PRIMARY KEY (`licenciado_sistema_id`),
  UNIQUE KEY `licenciado_id` (`licenciado_id`,`sistema_id`),
  KEY `FK99528006C29BF761` (`licenciado_id`),
  KEY `FK99528006FA8756D3` (`sistema_id`),
  CONSTRAINT `FK99528006C29BF761` FOREIGN KEY (`licenciado_id`) REFERENCES `saa_licenciado` (`licenciado_id`),
  CONSTRAINT `FK99528006FA8756D3` FOREIGN KEY (`sistema_id`) REFERENCES `saa_sistema` (`sistema_id`)
) ENGINE=InnoDB DEFAULT CHARSET=latin1;

--
-- Dumping data for table `saa_licenciado_sistema`
--

/*!40000 ALTER TABLE `saa_licenciado_sistema` DISABLE KEYS */;
/*!40000 ALTER TABLE `saa_licenciado_sistema` ENABLE KEYS */;


--
-- Definition of table `saa_perfil`
--

DROP TABLE IF EXISTS `saa_perfil`;
CREATE TABLE `saa_perfil` (
  `perfil_id` bigint(20) NOT NULL AUTO_INCREMENT,
  `perf_nome` varchar(60) NOT NULL,
  `sistema_id` bigint(20) NOT NULL,
  PRIMARY KEY (`perfil_id`),
  KEY `FKAD9147B8FA8756D3` (`sistema_id`),
  CONSTRAINT `FKAD9147B8FA8756D3` FOREIGN KEY (`sistema_id`) REFERENCES `saa_sistema` (`sistema_id`)
) ENGINE=InnoDB AUTO_INCREMENT=4 DEFAULT CHARSET=latin1;

--
-- Dumping data for table `saa_perfil`
--

/*!40000 ALTER TABLE `saa_perfil` DISABLE KEYS */;
INSERT INTO `saa_perfil` (`perfil_id`,`perf_nome`,`sistema_id`) VALUES 
 (1,'CADASTRO',1),
 (2,'RELATORIO',1),
 (3,'MANUNTENCAO',2);
/*!40000 ALTER TABLE `saa_perfil` ENABLE KEYS */;


--
-- Definition of table `saa_perfil_rotina`
--

DROP TABLE IF EXISTS `saa_perfil_rotina`;
CREATE TABLE `saa_perfil_rotina` (
  `perfil_rotina_id` bigint(20) NOT NULL AUTO_INCREMENT,
  `perfil_id` bigint(20) NOT NULL,
  `rotina_id` bigint(20) NOT NULL,
  PRIMARY KEY (`perfil_rotina_id`),
  UNIQUE KEY `perfil_rotina_id` (`perfil_rotina_id`),
  UNIQUE KEY `perfil_id` (`perfil_id`,`rotina_id`),
  KEY `FKA4E4110C4112EEC1` (`perfil_id`),
  KEY `FKA4E4110CEB8B9421` (`rotina_id`),
  CONSTRAINT `FKA4E4110C4112EEC1` FOREIGN KEY (`perfil_id`) REFERENCES `saa_perfil` (`perfil_id`),
  CONSTRAINT `FKA4E4110CEB8B9421` FOREIGN KEY (`rotina_id`) REFERENCES `saa_rotina` (`rotina_id`)
) ENGINE=InnoDB AUTO_INCREMENT=6 DEFAULT CHARSET=latin1;

--
-- Dumping data for table `saa_perfil_rotina`
--

/*!40000 ALTER TABLE `saa_perfil_rotina` DISABLE KEYS */;
INSERT INTO `saa_perfil_rotina` (`perfil_rotina_id`,`perfil_id`,`rotina_id`) VALUES 
 (1,1,1),
 (2,1,3),
 (4,1,4),
 (5,1,5),
 (3,3,3);
/*!40000 ALTER TABLE `saa_perfil_rotina` ENABLE KEYS */;


--
-- Definition of table `saa_rotina`
--

DROP TABLE IF EXISTS `saa_rotina`;
CREATE TABLE `saa_rotina` (
  `rotina_id` bigint(20) NOT NULL AUTO_INCREMENT,
  `rot_nome` varchar(60) NOT NULL,
  `rot_path` varchar(60) NOT NULL,
  `rot_status` bit(1) DEFAULT NULL,
  `sistema_id` bigint(20) NOT NULL,
  PRIMARY KEY (`rotina_id`),
  UNIQUE KEY `rotina_id` (`rotina_id`),
  KEY `FKB188D891FA8756D3` (`sistema_id`),
  CONSTRAINT `FKB188D891FA8756D3` FOREIGN KEY (`sistema_id`) REFERENCES `saa_sistema` (`sistema_id`)
) ENGINE=InnoDB AUTO_INCREMENT=6 DEFAULT CHARSET=latin1;

--
-- Dumping data for table `saa_rotina`
--

/*!40000 ALTER TABLE `saa_rotina` DISABLE KEYS */;
INSERT INTO `saa_rotina` (`rotina_id`,`rot_nome`,`rot_path`,`rot_status`,`sistema_id`) VALUES 
 (1,'ATRIBUICAO DE ROTINA','/pages/perfilrotina/search.jsf',0x01,1),
 (2,'CADASTRO DE ROTINA','/pages/rotina/search.jsf',0x01,1),
 (3,'CADASTRO DE PERFIL','/pages/perfil/search.jsf',0x01,1),
 (4,'CADASTRO DE USUARIO','/pages/usuario/search.jsf',0x01,1),
 (5,'CADASTRO DE SISTEMA','/pages/sistema/search.jsf',0x00,1);
/*!40000 ALTER TABLE `saa_rotina` ENABLE KEYS */;


--
-- Definition of table `saa_sistema`
--

DROP TABLE IF EXISTS `saa_sistema`;
CREATE TABLE `saa_sistema` (
  `sistema_id` bigint(20) NOT NULL AUTO_INCREMENT,
  `sis_descricao` varchar(100) DEFAULT NULL,
  `sis_nome` varchar(60) NOT NULL,
  `sis_image` varchar(20) DEFAULT NULL,
  `sis_imagem` varchar(20) DEFAULT NULL,
  `sis_path` varchar(100) DEFAULT NULL,
  `sis_sigla` varchar(30) DEFAULT NULL,
  PRIMARY KEY (`sistema_id`),
  UNIQUE KEY `sis_nome` (`sis_nome`)
) ENGINE=InnoDB AUTO_INCREMENT=3 DEFAULT CHARSET=latin1;

--
-- Dumping data for table `saa_sistema`
--

/*!40000 ALTER TABLE `saa_sistema` DISABLE KEYS */;
INSERT INTO `saa_sistema` (`sistema_id`,`sis_descricao`,`sis_nome`,`sis_image`,`sis_imagem`,`sis_path`,`sis_sigla`) VALUES 
 (1,NULL,'AUTENTICACAO','saa','saa','http://localhost:8080/portal/home.jsf',NULL),
 (2,NULL,'CENTRAL AAMAR','centralaamar','centralaamar','http://localhost:8080/centralaamar',NULL);
/*!40000 ALTER TABLE `saa_sistema` ENABLE KEYS */;


--
-- Definition of table `saa_status`
--

DROP TABLE IF EXISTS `saa_status`;
CREATE TABLE `saa_status` (
  `status_id` bigint(20) NOT NULL AUTO_INCREMENT,
  `sta_nome` varchar(60) NOT NULL,
  PRIMARY KEY (`status_id`),
  UNIQUE KEY `sta_nome` (`sta_nome`)
) ENGINE=InnoDB DEFAULT CHARSET=latin1;

--
-- Dumping data for table `saa_status`
--

/*!40000 ALTER TABLE `saa_status` DISABLE KEYS */;
/*!40000 ALTER TABLE `saa_status` ENABLE KEYS */;


--
-- Definition of table `saa_usuario`
--

DROP TABLE IF EXISTS `saa_usuario`;
CREATE TABLE `saa_usuario` (
  `usuario_id` bigint(20) NOT NULL AUTO_INCREMENT,
  `usu_cpf` varchar(11) NOT NULL,
  `usu_email` varchar(60) DEFAULT NULL,
  `usu_nome` varchar(60) NOT NULL,
  `usu_senha` varchar(100) DEFAULT NULL,
  `usu_status` varchar(1) NOT NULL,
  PRIMARY KEY (`usuario_id`),
  UNIQUE KEY `usuario_id` (`usuario_id`),
  UNIQUE KEY `usu_cpf` (`usu_cpf`)
) ENGINE=InnoDB AUTO_INCREMENT=2 DEFAULT CHARSET=latin1;

--
-- Dumping data for table `saa_usuario`
--

/*!40000 ALTER TABLE `saa_usuario` DISABLE KEYS */;
INSERT INTO `saa_usuario` (`usuario_id`,`usu_cpf`,`usu_email`,`usu_nome`,`usu_senha`,`usu_status`) VALUES 
 (1,'60735090220','claudemirramosferreira@gmail.com','CLAUDEMIR RAMOS FERREIRA','senha2012','A');
/*!40000 ALTER TABLE `saa_usuario` ENABLE KEYS */;


--
-- Definition of table `saa_usuario_perfil`
--

DROP TABLE IF EXISTS `saa_usuario_perfil`;
CREATE TABLE `saa_usuario_perfil` (
  `usuario_perfil_id` bigint(20) NOT NULL AUTO_INCREMENT,
  `usu_perf_data` datetime NOT NULL,
  `perfil_id` bigint(20) NOT NULL,
  `usuario_id` bigint(20) NOT NULL,
  PRIMARY KEY (`usuario_perfil_id`),
  UNIQUE KEY `usuario_perfil_id` (`usuario_perfil_id`),
  UNIQUE KEY `usuario_id` (`usuario_id`,`perfil_id`),
  KEY `FK66455E921602B53` (`usuario_id`),
  KEY `FK66455E94112EEC1` (`perfil_id`),
  CONSTRAINT `FK66455E921602B53` FOREIGN KEY (`usuario_id`) REFERENCES `saa_usuario` (`usuario_id`),
  CONSTRAINT `FK66455E94112EEC1` FOREIGN KEY (`perfil_id`) REFERENCES `saa_perfil` (`perfil_id`)
) ENGINE=InnoDB AUTO_INCREMENT=4 DEFAULT CHARSET=latin1;

--
-- Dumping data for table `saa_usuario_perfil`
--

/*!40000 ALTER TABLE `saa_usuario_perfil` DISABLE KEYS */;
INSERT INTO `saa_usuario_perfil` (`usuario_perfil_id`,`usu_perf_data`,`perfil_id`,`usuario_id`) VALUES 
 (1,'2008-11-02 00:00:00',1,1),
 (2,'2008-11-02 00:00:00',2,1),
 (3,'2008-11-02 00:00:00',3,1);
/*!40000 ALTER TABLE `saa_usuario_perfil` ENABLE KEYS */;


--
-- Definition of table `user`
--

DROP TABLE IF EXISTS `user`;
CREATE TABLE `user` (
  `user_id` bigint(20) NOT NULL AUTO_INCREMENT,
  `user_password` varchar(255) DEFAULT NULL,
  `user_username` varchar(255) DEFAULT NULL,
  PRIMARY KEY (`user_id`),
  UNIQUE KEY `user_username` (`user_username`)
) ENGINE=InnoDB AUTO_INCREMENT=3 DEFAULT CHARSET=latin1;

--
-- Dumping data for table `user`
--

/*!40000 ALTER TABLE `user` DISABLE KEYS */;
INSERT INTO `user` (`user_id`,`user_password`,`user_username`) VALUES 
 (1,'admin','admin'),
 (2,'user','user');
/*!40000 ALTER TABLE `user` ENABLE KEYS */;


--
-- Definition of table `user_role`
--

DROP TABLE IF EXISTS `user_role`;
CREATE TABLE `user_role` (
  `user_id` bigint(20) NOT NULL,
  `role_id` bigint(20) NOT NULL,
  KEY `FK73429949EBBA393E` (`role_id`),
  KEY `FK7342994990E4FD1E` (`user_id`),
  CONSTRAINT `FK7342994990E4FD1E` FOREIGN KEY (`user_id`) REFERENCES `user` (`user_id`),
  CONSTRAINT `FK73429949EBBA393E` FOREIGN KEY (`role_id`) REFERENCES `role` (`role_id`)
) ENGINE=InnoDB DEFAULT CHARSET=latin1;

--
-- Dumping data for table `user_role`
--

/*!40000 ALTER TABLE `user_role` DISABLE KEYS */;
INSERT INTO `user_role` (`user_id`,`role_id`) VALUES 
 (1,1),
 (2,2);
/*!40000 ALTER TABLE `user_role` ENABLE KEYS */;

--
-- Create schema saa
--

CREATE DATABASE IF NOT EXISTS saa;
USE saa;

--
-- Definition of table `saa_aviso`
--

DROP TABLE IF EXISTS `saa_aviso`;
CREATE TABLE `saa_aviso` (
  `aviso_id` bigint(20) NOT NULL AUTO_INCREMENT,
  `avi_fim` datetime NOT NULL,
  `avi_inicio` datetime NOT NULL,
  `avi_mensagem` varchar(1000) NOT NULL,
  `licenciado_sistema_id` bigint(20) NOT NULL,
  PRIMARY KEY (`aviso_id`),
  KEY `FKA9F6D8C4D2596064` (`licenciado_sistema_id`),
  CONSTRAINT `FKA9F6D8C4D2596064` FOREIGN KEY (`licenciado_sistema_id`) REFERENCES `saa_licenciado_sistema` (`licenciado_sistema_id`)
) ENGINE=InnoDB DEFAULT CHARSET=latin1;

--
-- Dumping data for table `saa_aviso`
--

/*!40000 ALTER TABLE `saa_aviso` DISABLE KEYS */;
/*!40000 ALTER TABLE `saa_aviso` ENABLE KEYS */;


--
-- Definition of table `saa_licenciado`
--

DROP TABLE IF EXISTS `saa_licenciado`;
CREATE TABLE `saa_licenciado` (
  `licenciado_id` bigint(20) NOT NULL AUTO_INCREMENT,
  `lic_cpfcnpj` varchar(14) NOT NULL,
  `lic_nome` varchar(60) NOT NULL,
  PRIMARY KEY (`licenciado_id`),
  UNIQUE KEY `licenciado_id` (`licenciado_id`)
) ENGINE=InnoDB DEFAULT CHARSET=latin1;

--
-- Dumping data for table `saa_licenciado`
--

/*!40000 ALTER TABLE `saa_licenciado` DISABLE KEYS */;
/*!40000 ALTER TABLE `saa_licenciado` ENABLE KEYS */;


--
-- Definition of table `saa_licenciado_sistema`
--

DROP TABLE IF EXISTS `saa_licenciado_sistema`;
CREATE TABLE `saa_licenciado_sistema` (
  `licenciado_sistema_id` bigint(20) NOT NULL AUTO_INCREMENT,
  `lic_sis_numero` varchar(30) NOT NULL,
  `lic_sis_tipo` varchar(1) NOT NULL,
  `lic_sis_validade` datetime DEFAULT NULL,
  `licenciado_id` bigint(20) NOT NULL,
  `sistema_id` bigint(20) NOT NULL,
  PRIMARY KEY (`licenciado_sistema_id`),
  UNIQUE KEY `licenciado_id` (`licenciado_id`,`sistema_id`),
  KEY `FK99528006C29BF761` (`licenciado_id`),
  KEY `FK99528006FA8756D3` (`sistema_id`),
  CONSTRAINT `FK99528006C29BF761` FOREIGN KEY (`licenciado_id`) REFERENCES `saa_licenciado` (`licenciado_id`),
  CONSTRAINT `FK99528006FA8756D3` FOREIGN KEY (`sistema_id`) REFERENCES `saa_sistema` (`sistema_id`)
) ENGINE=InnoDB DEFAULT CHARSET=latin1;

--
-- Dumping data for table `saa_licenciado_sistema`
--

/*!40000 ALTER TABLE `saa_licenciado_sistema` DISABLE KEYS */;
/*!40000 ALTER TABLE `saa_licenciado_sistema` ENABLE KEYS */;


--
-- Definition of table `saa_perfil`
--

DROP TABLE IF EXISTS `saa_perfil`;
CREATE TABLE `saa_perfil` (
  `perfil_id` bigint(20) NOT NULL AUTO_INCREMENT,
  `perf_nome` varchar(60) NOT NULL,
  `sistema_id` bigint(20) NOT NULL,
  PRIMARY KEY (`perfil_id`),
  KEY `FKAD9147B8FA8756D3` (`sistema_id`),
  CONSTRAINT `FKAD9147B8FA8756D3` FOREIGN KEY (`sistema_id`) REFERENCES `saa_sistema` (`sistema_id`)
) ENGINE=InnoDB AUTO_INCREMENT=4 DEFAULT CHARSET=latin1;

--
-- Dumping data for table `saa_perfil`
--

/*!40000 ALTER TABLE `saa_perfil` DISABLE KEYS */;
INSERT INTO `saa_perfil` (`perfil_id`,`perf_nome`,`sistema_id`) VALUES 
 (1,'CADASTRO',1),
 (2,'RELATORIO',1),
 (3,'MANUNTENCAO',2);
/*!40000 ALTER TABLE `saa_perfil` ENABLE KEYS */;


--
-- Definition of table `saa_perfil_rotina`
--

DROP TABLE IF EXISTS `saa_perfil_rotina`;
CREATE TABLE `saa_perfil_rotina` (
  `perfil_rotina_id` bigint(20) NOT NULL AUTO_INCREMENT,
  `perfil_id` bigint(20) NOT NULL,
  `rotina_id` bigint(20) NOT NULL,
  PRIMARY KEY (`perfil_rotina_id`),
  UNIQUE KEY `perfil_rotina_id` (`perfil_rotina_id`),
  UNIQUE KEY `perfil_id` (`perfil_id`,`rotina_id`),
  KEY `FKA4E4110C4112EEC1` (`perfil_id`),
  KEY `FKA4E4110CEB8B9421` (`rotina_id`),
  CONSTRAINT `FKA4E4110C4112EEC1` FOREIGN KEY (`perfil_id`) REFERENCES `saa_perfil` (`perfil_id`),
  CONSTRAINT `FKA4E4110CEB8B9421` FOREIGN KEY (`rotina_id`) REFERENCES `saa_rotina` (`rotina_id`)
) ENGINE=InnoDB AUTO_INCREMENT=6 DEFAULT CHARSET=latin1;

--
-- Dumping data for table `saa_perfil_rotina`
--

/*!40000 ALTER TABLE `saa_perfil_rotina` DISABLE KEYS */;
INSERT INTO `saa_perfil_rotina` (`perfil_rotina_id`,`perfil_id`,`rotina_id`) VALUES 
 (1,1,1),
 (2,1,3),
 (4,1,4),
 (5,1,5),
 (3,3,3);
/*!40000 ALTER TABLE `saa_perfil_rotina` ENABLE KEYS */;


--
-- Definition of table `saa_rotina`
--

DROP TABLE IF EXISTS `saa_rotina`;
CREATE TABLE `saa_rotina` (
  `rotina_id` bigint(20) NOT NULL AUTO_INCREMENT,
  `rot_nome` varchar(60) NOT NULL,
  `rot_path` varchar(60) NOT NULL,
  `rot_status` bit(1) DEFAULT NULL,
  `sistema_id` bigint(20) NOT NULL,
  PRIMARY KEY (`rotina_id`),
  UNIQUE KEY `rotina_id` (`rotina_id`),
  KEY `FKB188D891FA8756D3` (`sistema_id`),
  CONSTRAINT `FKB188D891FA8756D3` FOREIGN KEY (`sistema_id`) REFERENCES `saa_sistema` (`sistema_id`)
) ENGINE=InnoDB AUTO_INCREMENT=6 DEFAULT CHARSET=latin1;

--
-- Dumping data for table `saa_rotina`
--

/*!40000 ALTER TABLE `saa_rotina` DISABLE KEYS */;
INSERT INTO `saa_rotina` (`rotina_id`,`rot_nome`,`rot_path`,`rot_status`,`sistema_id`) VALUES 
 (1,'ATRIBUICAO DE ROTINA','/pages/perfilrotina/search.jsf',0x01,1),
 (2,'CADASTRO DE ROTINA','/pages/rotina/search.jsf',0x01,1),
 (3,'CADASTRO DE PERFIL','/pages/perfil/search.jsf',0x01,1),
 (4,'CADASTRO DE USUARIO','/pages/usuario/search.jsf',0x01,1),
 (5,'CADASTRO DE SISTEMA','/pages/sistema/search.jsf',0x00,1);
/*!40000 ALTER TABLE `saa_rotina` ENABLE KEYS */;


--
-- Definition of table `saa_sistema`
--

DROP TABLE IF EXISTS `saa_sistema`;
CREATE TABLE `saa_sistema` (
  `sistema_id` bigint(20) NOT NULL AUTO_INCREMENT,
  `sis_descricao` varchar(100) DEFAULT NULL,
  `sis_nome` varchar(60) NOT NULL,
  `sis_image` varchar(20) DEFAULT NULL,
  `sis_imagem` varchar(20) DEFAULT NULL,
  `sis_path` varchar(100) DEFAULT NULL,
  `sis_sigla` varchar(30) DEFAULT NULL,
  PRIMARY KEY (`sistema_id`),
  UNIQUE KEY `sis_nome` (`sis_nome`)
) ENGINE=InnoDB AUTO_INCREMENT=3 DEFAULT CHARSET=latin1;

--
-- Dumping data for table `saa_sistema`
--

/*!40000 ALTER TABLE `saa_sistema` DISABLE KEYS */;
INSERT INTO `saa_sistema` (`sistema_id`,`sis_descricao`,`sis_nome`,`sis_image`,`sis_imagem`,`sis_path`,`sis_sigla`) VALUES 
 (1,NULL,'AUTENTICACAO','saa','saa','http://localhost:8080/portal/home.jsf',NULL),
 (2,NULL,'CENTRAL AAMAR','centralaamar','centralaamar','http://localhost:8080/centralaamar',NULL);
/*!40000 ALTER TABLE `saa_sistema` ENABLE KEYS */;


--
-- Definition of table `saa_status`
--

DROP TABLE IF EXISTS `saa_status`;
CREATE TABLE `saa_status` (
  `status_id` bigint(20) NOT NULL AUTO_INCREMENT,
  `sta_nome` varchar(60) NOT NULL,
  PRIMARY KEY (`status_id`),
  UNIQUE KEY `sta_nome` (`sta_nome`)
) ENGINE=InnoDB DEFAULT CHARSET=latin1;

--
-- Dumping data for table `saa_status`
--

/*!40000 ALTER TABLE `saa_status` DISABLE KEYS */;
/*!40000 ALTER TABLE `saa_status` ENABLE KEYS */;


--
-- Definition of table `saa_usuario`
--

DROP TABLE IF EXISTS `saa_usuario`;
CREATE TABLE `saa_usuario` (
  `usuario_id` bigint(20) NOT NULL AUTO_INCREMENT,
  `usu_cpf` varchar(11) NOT NULL,
  `usu_email` varchar(60) DEFAULT NULL,
  `usu_nome` varchar(60) NOT NULL,
  `usu_senha` varchar(100) DEFAULT NULL,
  `usu_status` varchar(1) NOT NULL,
  PRIMARY KEY (`usuario_id`),
  UNIQUE KEY `usuario_id` (`usuario_id`),
  UNIQUE KEY `usu_cpf` (`usu_cpf`)
) ENGINE=InnoDB AUTO_INCREMENT=2 DEFAULT CHARSET=latin1;

--
-- Dumping data for table `saa_usuario`
--

/*!40000 ALTER TABLE `saa_usuario` DISABLE KEYS */;
INSERT INTO `saa_usuario` (`usuario_id`,`usu_cpf`,`usu_email`,`usu_nome`,`usu_senha`,`usu_status`) VALUES 
 (1,'60735090220','claudemirramosferreira@gmail.com','CLAUDEMIR RAMOS FERREIRA','senha2012','A');
/*!40000 ALTER TABLE `saa_usuario` ENABLE KEYS */;


--
-- Definition of table `saa_usuario_perfil`
--

DROP TABLE IF EXISTS `saa_usuario_perfil`;
CREATE TABLE `saa_usuario_perfil` (
  `usuario_perfil_id` bigint(20) NOT NULL AUTO_INCREMENT,
  `usu_perf_data` datetime NOT NULL,
  `perfil_id` bigint(20) NOT NULL,
  `usuario_id` bigint(20) NOT NULL,
  PRIMARY KEY (`usuario_perfil_id`),
  UNIQUE KEY `usuario_perfil_id` (`usuario_perfil_id`),
  UNIQUE KEY `usuario_id` (`usuario_id`,`perfil_id`),
  KEY `FK66455E921602B53` (`usuario_id`),
  KEY `FK66455E94112EEC1` (`perfil_id`),
  CONSTRAINT `FK66455E921602B53` FOREIGN KEY (`usuario_id`) REFERENCES `saa_usuario` (`usuario_id`),
  CONSTRAINT `FK66455E94112EEC1` FOREIGN KEY (`perfil_id`) REFERENCES `saa_perfil` (`perfil_id`)
) ENGINE=InnoDB DEFAULT CHARSET=latin1;

--
-- Dumping data for table `saa_usuario_perfil`
--

/*!40000 ALTER TABLE `saa_usuario_perfil` DISABLE KEYS */;
/*!40000 ALTER TABLE `saa_usuario_perfil` ENABLE KEYS */;


--
-- Definition of table `user`
--

DROP TABLE IF EXISTS `user`;
CREATE TABLE `user` (
  `user_id` bigint(20) NOT NULL AUTO_INCREMENT,
  `user_password` varchar(255) DEFAULT NULL,
  `user_username` varchar(255) DEFAULT NULL,
  PRIMARY KEY (`user_id`),
  UNIQUE KEY `user_username` (`user_username`)
) ENGINE=InnoDB AUTO_INCREMENT=3 DEFAULT CHARSET=latin1;

--
-- Dumping data for table `user`
--

/*!40000 ALTER TABLE `user` DISABLE KEYS */;
INSERT INTO `user` (`user_id`,`user_password`,`user_username`) VALUES 
 (1,'admin','admin'),
 (2,'user','user');
/*!40000 ALTER TABLE `user` ENABLE KEYS */;


--
-- Definition of table `user_role`
--

DROP TABLE IF EXISTS `user_role`;
CREATE TABLE `user_role` (
  `user_id` bigint(20) NOT NULL,
  `role_id` bigint(20) NOT NULL,
  KEY `FK73429949EBBA393E` (`role_id`),
  KEY `FK7342994990E4FD1E` (`user_id`),
  CONSTRAINT `FK7342994990E4FD1E` FOREIGN KEY (`user_id`) REFERENCES `user` (`user_id`),
  CONSTRAINT `FK73429949EBBA393E` FOREIGN KEY (`role_id`) REFERENCES `role` (`role_id`)
) ENGINE=InnoDB DEFAULT CHARSET=latin1;

--
-- Dumping data for table `user_role`
--

/*!40000 ALTER TABLE `user_role` DISABLE KEYS */;
INSERT INTO `user_role` (`user_id`,`role_id`) VALUES 
 (1,1),
 (2,2);
/*!40000 ALTER TABLE `user_role` ENABLE KEYS */;




/*!40101 SET SQL_MODE=@OLD_SQL_MODE */;
/*!40014 SET FOREIGN_KEY_CHECKS=@OLD_FOREIGN_KEY_CHECKS */;
/*!40014 SET UNIQUE_CHECKS=@OLD_UNIQUE_CHECKS */;
/*!40101 SET CHARACTER_SET_CLIENT=@OLD_CHARACTER_SET_CLIENT */;
/*!40101 SET CHARACTER_SET_RESULTS=@OLD_CHARACTER_SET_RESULTS */;
/*!40101 SET COLLATION_CONNECTION=@OLD_COLLATION_CONNECTION */;
/*!40101 SET CHARACTER_SET_CLIENT=@OLD_CHARACTER_SET_CLIENT */;
